#0 building with "default" instance using docker driver

#1 [internal] load build definition from Dockerfile.txt
#1 transferring dockerfile: 12.20kB done
#1 DONE 0.0s

#2 [auth] library/debian:pull token for registry-1.docker.io
#2 DONE 0.0s

#3 [internal] load metadata for docker.io/library/debian:12-slim
#3 DONE 0.5s

#4 [internal] load .dockerignore
#4 transferring context: 2B done
#4 DONE 0.0s

#5 [base 1/1] FROM docker.io/library/debian:12-slim@sha256:f70dc8d6a8b6a06824c92471a1a258030836b26b043881358b967bf73de7c5ab
#5 DONE 0.0s

#6 [internal] load build context
#6 transferring context: 33.10kB 0.0s done
#6 DONE 0.0s

#7 [build  4/13] WORKDIR /dependencies
#7 CACHED

#8 [build 12/13] RUN curl -L -O https://github.com/gpakosz/peg/releases/download/0.1.19/peg-0.1.19.tar.gz &&         tar -xf peg-0.1.19.tar.gz && cd peg-0.1.19 &&         make -j16 && make install DESTDIR=/opt/dist && make install &&     git clone https://github.com/cleishm/libcypher-parser.git /dependencies/libcypher &&         cd /dependencies/libcypher && ./autogen.sh && ./configure &&         make install DESTDIR=/opt/dist && make install &&     curl -L -o /dependencies/libedit-20230828-3.1.tar.gz https://thrysoee.dk/editline/libedit-20230828-3.1.tar.gz &&         cd /dependencies && tar -xzf libedit-20230828-3.1.tar.gz && cd libedit-20230828-3.1 &&         ./configure && make -j16 && make install DESTDIR=/opt/dist && make install &&     git clone https://github.com/majensen/libneo4j-omni.git /dependencies/libomni &&         cd /dependencies/libomni && ./autogen.sh &&         ./configure --disable-werror --prefix=/opt/dist/usr &&         make clean check && make install -w --debug
#8 CACHED

#9 [build  5/13] RUN git clone --branch v3.28.5 https://github.com/Kitware/CMake.git /dependencies/CMake &&         cd /dependencies/CMake && ./bootstrap && make -j16 &&             make install DESTDIR=/opt/dist && make install
#9 CACHED

#10 [build  7/13] RUN git clone https://github.com/opencv/opencv.git /dependencies/opencv &&         cd /dependencies/opencv && git checkout tags/4.9.0 &&         mkdir build && cd build && cmake -DBUILD_PERF_TESTS=OFF -DBUILD_TESTS=OFF .. &&             make -j16 && make install DESTDIR=/opt/dist && make install
#10 CACHED

#11 [build 11/13] RUN curl -O  https://ftp.gnu.org/gnu/autoconf/autoconf-2.71.tar.xz &&         tar -xf autoconf-2.71.tar.xz && cd autoconf-2.71 &&         ./configure && make -j16 && make install DESTDIR=/opt/dist && make install
#11 CACHED

#12 [build  2/13] WORKDIR /usr/src
#12 CACHED

#13 [stage-2  6/22] RUN git clone --depth 1 https://github.com/yaml/libyaml.git /libyaml &&     cd /libyaml &&     mkdir build &&     cd build &&    cmake .. -DCMAKE_INSTALL_PREFIX=/usr/local -DBUILD_TESTING=OFF  -DBUILD_SHARED_LIBS=ON &&     make &&     make install
#13 CACHED

#14 [stage-2 14/22] RUN sed -i "s|#include <stdio.h>|#include <stdio.h>\n#include <stdexcept>|" /vdms/src/pmgd/tools/mkgraph.cc
#14 CACHED

#15 [build  3/13] RUN apt-get update -y &&     apt-get install -y --no-install-recommends libffi-dev libgdbm-dev libnss3-dev libreadline-dev libsqlite3-dev zlib1g-dev &&     curl -O https://www.python.org/ftp/python/3.12.3/Python-3.12.3.tgz &&     tar -xzf Python-3.12.3.tgz && cd Python-3.12.3 &&     ./configure --enable-optimizations && make -j16 && make altinstall &&     update-alternatives --install /usr/bin/python python /usr/local/bin/python3.12 1 &&     python3.12 -m venv /opt/venv
#15 CACHED

#16 [build  6/13] RUN git clone -b "v24.2" --recurse-submodules https://github.com/protocolbuffers/protobuf.git /dependencies/protobuf &&         cd /dependencies/protobuf/third_party/googletest && mkdir build && cd build/ &&             cmake -DCMAKE_POSITION_INDEPENDENT_CODE=ON -DCMAKE_BUILD_TYPE=Release                 -DBUILD_SHARED_LIBS=ON -DCMAKE_INSTALL_PREFIX=/opt/dist/usr/local                 -DBUILD_GMOCK=ON -DCMAKE_CXX_STANDARD=17 .. &&             make -j16 && make install &&         cd /dependencies/protobuf/third_party/abseil-cpp && mkdir build && cd build &&             cmake -DCMAKE_POSITION_INDEPENDENT_CODE=ON -DBUILD_SHARED_LIBS=ON                 -DCMAKE_INSTALL_PREFIX=/opt/dist/usr/local -DABSL_BUILD_TESTING=ON                 -DABSL_USE_EXTERNAL_GOOGLETEST=ON                 -DABSL_FIND_GOOGLETEST=ON -DCMAKE_CXX_STANDARD=17 .. &&             make -j16 && make install && ldconfig /opt/dist/usr/local/lib &&         cd /dependencies/protobuf &&             cmake -DCMAKE_POSITION_INDEPENDENT_CODE=ON -DCMAKE_INSTALL_PREFIX=/opt/dist/usr/local                 -DCMAKE_CXX_STANDARD=17 -Dprotobuf_BUILD_SHARED_LIBS=ON                 -Dprotobuf_ABSL_PROVIDER=package                 -Dprotobuf_BUILD_TESTS=ON                 -Dabsl_DIR=/opt/dist/usr/local/lib/cmake/absl . &&             make -j16 && make install
#16 CACHED

#17 [stage-2 12/22] RUN sed -i "s|java-11-openjdk|java-17-openjdk|g" /vdms/src/pmgd/java/CMakeLists.txt
#17 CACHED

#18 [build  1/13] RUN apt-get update -y && apt-get upgrade -y &&     apt-get install -o 'Acquire::Retries=3' -y --no-install-suggests         --no-install-recommends --fix-broken --fix-missing         apt-transport-https automake bison build-essential bzip2 ca-certificates         cppzmq-dev curl ed flex g++ bazel-bootstrap gcc git gnupg-agent javacc libarchive-tools libatlas-base-dev         libavcodec-dev libavformat-dev libavutil-dev libboost-all-dev libbz2-dev libc-ares-dev         libcurl4-openssl-dev libdc1394-dev libgflags-dev libgoogle-glog-dev         libgtk-3-dev libgtk2.0-dev libhdf5-dev libjpeg-dev libjpeg62-turbo-dev libjsoncpp-dev         libleveldb-dev liblmdb-dev liblz4-dev libncurses5-dev libopenblas-dev libopenmpi-dev         libpng-dev librdkafka-dev libsnappy-dev libssl-dev libswscale-dev libtbb-dev libtbbmalloc2         libwebsockets-dev uncrustify         libbison-dev         libtiff-dev libtiff5-dev libtool linux-libc-dev mpich openjdk-17-jdk-headless         pkg-config procps software-properties-common swig unzip uuid-dev &&     apt-get --purge remove -y python3.11 && apt-get autoremove -y &&     apt-get clean && rm -rf /var/lib/apt/lists/*
#18 CACHED

#19 [stage-2  3/22] COPY --from=build /usr/local/lib/python3.12 /usr/local/lib/python3.12
#19 CACHED

#20 [stage-2 10/22] COPY custom_bash.sh /
#20 CACHED

#21 [stage-2  9/22] COPY . .
#21 CACHED

#22 [stage-2  4/22] COPY --from=build /opt/venv /opt/venv
#22 CACHED

#23 [stage-2  7/22] RUN git clone https://github.com/kubernetes-client/c.git /k8s &&     CLIENT_REPO_ROOT=/k8s &&     cd /k8s/kubernetes &&     mkdir build &&     cd build &&     cmake .. -DCMAKE_INSTALL_PREFIX=/usr/local/ &&     make && make install
#23 CACHED

#24 [stage-2  1/22] COPY --from=build /opt/dist /
#24 CACHED

#25 [build  8/13] RUN python -m pip install --no-cache-dir "numpy>=1.26.0,<2.0.0" &&     git clone --branch v0.6 https://github.com/tristanpenman/valijson.git /dependencies/valijson &&         cd /dependencies/valijson && cp -r include/* /usr/local/include/ &&         mkdir -p /opt/dist/usr/local/include/ && cp -r include/* /opt/dist/usr/local/include/
#25 CACHED

#26 [stage-2 13/22] RUN sed -i "s|#include <stdio.h>|#include <stdio.h>\n#include <stdexcept>|" /vdms/src/pmgd/test/neighbortest.cc
#26 CACHED

#27 [stage-2  5/22] RUN apt-get update -y && apt-get upgrade -y &&     apt-get install -o 'Acquire::Retries=3' -y --no-install-suggests         --no-install-recommends --fix-broken --fix-missing         build-essential bzip2 cppzmq-dev curl g++ gcc git javacc libarchive-tools libavcodec-dev bazel-bootstrap         libavformat-dev libcurl4-openssl-dev libdc1394-dev libgoogle-glog-dev libgtk-3-dev         libhdf5-dev libjpeg62-turbo-dev libjsoncpp-dev libopenblas-dev libpng-dev librdkafka-dev         libwebsockets-dev uncrustify         libssl-dev libswscale-dev libtbb-dev libtbbmalloc2 libtiff5-dev libzip-dev openjdk-17-jdk-headless         procps &&     apt-get --purge remove -y python3.11 && apt-get autoremove -y &&     apt-get clean && rm -rf /var/lib/apt/lists/* &&     echo "/usr/local/lib" >> /etc/ld.so.conf.d/all-libs.conf && ldconfig &&     python3 -m pip install --no-cache-dir "numpy>=1.26.0,<2.0.0" "protobuf==4.24.2"         "coverage>=7.3.1" "cryptography>=42.0.7"
#27 CACHED

#28 [build  9/13] RUN git clone --branch v1.9.0 https://github.com/facebookresearch/faiss.git /dependencies/faiss &&         cd /dependencies/faiss && mkdir build && cd build &&             cmake -DFAISS_ENABLE_GPU=OFF -DPython_EXECUTABLE=$(which python)             -DBUILD_SHARED_LIBS=ON -DCMAKE_BUILD_TYPE=Release .. &&             make -j16 && make install DESTDIR=/opt/dist && make install &&     git clone https://github.com/tonyzhang617/FLINNG.git /dependencies/FLINNG &&         cd /dependencies/FLINNG && mkdir build && cd build && cmake .. &&             make -j16 && make install DESTDIR=/opt/dist && make install
#28 CACHED

#29 [stage-2 11/22] RUN chmod +x /custom_bash.sh
#29 CACHED

#30 [build 10/13] RUN curl -L -O https://github.com/TileDB-Inc/TileDB/archive/refs/tags/2.14.1.tar.gz &&         tar -xvf 2.14.1.tar.gz && cd TileDB-2.14.1 &&         mkdir build && cd build && ../bootstrap --prefix=/usr/local/ && make -j16 &&         make install-tiledb DESTDIR=/opt/dist && make install-tiledb &&     git clone -b 1.11.336 --recurse-submodules https://github.com/aws/aws-sdk-cpp /dependencies/aws-sdk-cpp &&         mkdir -p /dependencies/aws-sdk-cpp/build && cd /dependencies/aws-sdk-cpp/build &&         cmake .. -DCMAKE_BUILD_TYPE=Debug -DCMAKE_PREFIX_PATH=/usr/local/ -DCMAKE_INSTALL_PREFIX=/usr/local/             -DBUILD_ONLY="s3" -DCUSTOM_MEMORY_MANAGEMENT=OFF -DENABLE_TESTING=OFF &&         make -j16 && make install DESTDIR=/opt/dist && make install
#30 CACHED

#31 [stage-2  2/22] COPY --from=build /usr/local/bin/python3.12 /usr/local/bin/python3.12
#31 CACHED

#32 [build 13/13] RUN rm -rf /dependencies /usr/local/share/doc /usr/local/share/man &&     mkdir -p /opt/dist/usr/include/x86_64-linux-gnu &&     cp -rp /usr/include/x86_64-linux-gnu /opt/dist/usr/include/x86_64-linux-gnu
#32 CACHED

#33 [stage-2  8/22] WORKDIR /vdms
#33 CACHED

#34 [stage-2 15/22] RUN cp /vdms/docker/override_default_config.py /vdms/override_default_config.py
#34 CACHED

#35 [stage-2 16/22] RUN mkdir -p /vdms/build && cd /vdms/build && cmake .. && make -j16 VERBOSE=1
#35 0.325 -- The C compiler identification is GNU 12.2.0
#35 0.394 -- The CXX compiler identification is GNU 12.2.0
#35 0.409 -- Detecting C compiler ABI info
#35 0.487 -- Detecting C compiler ABI info - done
#35 0.497 -- Check for working C compiler: /usr/bin/cc - skipped
#35 0.498 -- Detecting C compile features
#35 0.498 -- Detecting C compile features - done
#35 0.507 -- Detecting CXX compiler ABI info
#35 0.597 -- Detecting CXX compiler ABI info - done
#35 0.608 -- Check for working CXX compiler: /usr/bin/c++ - skipped
#35 0.609 -- Detecting CXX compile features
#35 0.609 -- Detecting CXX compile features - done
#35 0.614 -- Found OpenCV: /usr/local (found version "4.9.0") 
#35 0.628 -- Found ZLIB: /usr/lib/x86_64-linux-gnu/libz.so (found version "1.2.13")  
#35 0.630 -- Performing Test CMAKE_HAVE_LIBC_PTHREAD
#35 0.711 -- Performing Test CMAKE_HAVE_LIBC_PTHREAD - Success
#35 0.712 -- Found Threads: TRUE  
#35 0.775 -- Found CURL: /usr/lib/x86_64-linux-gnu/libcurl.so (found version "7.88.1")  
#35 0.777 -- Found AWS SDK for C++, Version: 1.11.336, Install Root:/usr/local, Platform Prefix:, Platform Dependent Libraries: pthread;crypto;ssl;z;curl
#35 0.778 -- Components specified for AWSSDK: core;s3, application will be depending on libs: aws-cpp-sdk-s3;aws-cpp-sdk-core
#35 0.778 -- Try finding aws-cpp-sdk-core
#35 0.791 -- Found crypto: /usr/lib/x86_64-linux-gnu/libcrypto.a  
#35 0.791 -- LibCrypto Include Dir: /usr/include
#35 0.791 -- LibCrypto Shared Lib:  /usr/lib/x86_64-linux-gnu/libcrypto.so
#35 0.791 -- LibCrypto Static Lib:  /usr/lib/x86_64-linux-gnu/libcrypto.a
#35 0.841 -- Found OpenSSL: /usr/lib/x86_64-linux-gnu/libcrypto.so (found version "3.0.15")  
#35 0.862 -- Found aws-cpp-sdk-core
#35 0.862 -- Try finding aws-cpp-sdk-s3
#35 0.863 -- Found aws-cpp-sdk-s3
#35 0.892 -- clwb
#35 0.898 CMake Deprecation Warning at src/pmgd/java/CMakeLists.txt:1 (cmake_minimum_required):
#35 0.898   Compatibility with CMake < 3.5 will be removed from a future version of
#35 0.898   CMake.
#35 0.898 
#35 0.898   Update the VERSION argument <min> value or use a ...<max> suffix to tell
#35 0.898   CMake that the project does not need compatibility with older versions.
#35 0.898 
#35 0.898 
#35 0.947 -- Found Java: /usr/bin/java (found version "17.0.13") 
#35 0.951 STAUS/vdms/build/src/pmgd/java
#35 0.962 -- 
#35 0.964 Coverage:OFF
#35 0.980 CMake Deprecation Warning at distributed/CMakeLists.txt:1 (cmake_minimum_required):
#35 0.980   Compatibility with CMake < 3.5 will be removed from a future version of
#35 0.980   CMake.
#35 0.980 
#35 0.980   Update the VERSION argument <min> value or use a ...<max> suffix to tell
#35 0.980   CMake that the project does not need compatibility with older versions.
#35 0.980 
#35 0.980 
#35 0.982 -- Configuring done (0.7s)
#35 1.135 -- Generating done (0.1s)
#35 1.144 -- Build files have been written to: /vdms/build
#35 1.157 /usr/local/bin/cmake -S/vdms -B/vdms/build --check-build-system CMakeFiles/Makefile.cmake 0
#35 1.164 /usr/local/bin/cmake -E cmake_progress_start /vdms/build/CMakeFiles /vdms/build//CMakeFiles/progress.marks
#35 1.169 make  -f CMakeFiles/Makefile2 all
#35 1.172 make[1]: Entering directory '/vdms/build'
#35 1.172 make  -f CMakeFiles/vdms_protobuf.dir/build.make CMakeFiles/vdms_protobuf.dir/depend
#35 1.172 make  -f src/vcl/CMakeFiles/vcl.dir/build.make src/vcl/CMakeFiles/vcl.dir/depend
#35 1.173 make  -f src/pmgd/src/CMakeFiles/pmgd.dir/build.make src/pmgd/src/CMakeFiles/pmgd.dir/depend
#35 1.173 make  -f src/pmgd/util/CMakeFiles/pmgd-util.dir/build.make src/pmgd/util/CMakeFiles/pmgd-util.dir/depend
#35 1.173 make  -f utils/CMakeFiles/vdms-utils.dir/build.make utils/CMakeFiles/vdms-utils.dir/depend
#35 1.173 make[2]: Entering directory '/vdms/build'
#35 1.173 make  -f src/pmgd/java/CMakeFiles/pmgd-jar.dir/build.make src/pmgd/java/CMakeFiles/pmgd-jar.dir/depend
#35 1.174 make[2]: Entering directory '/vdms/build'
#35 1.174 cd /vdms/build && /usr/local/bin/cmake -E cmake_depends "Unix Makefiles" /vdms /vdms/src/vcl /vdms/build /vdms/build/src/vcl /vdms/build/src/vcl/CMakeFiles/vcl.dir/DependInfo.cmake "--color="
#35 1.174 make[2]: Entering directory '/vdms/build'
#35 1.174 cd /vdms/build && /usr/local/bin/cmake -E cmake_depends "Unix Makefiles" /vdms /vdms/src/pmgd/src /vdms/build /vdms/build/src/pmgd/src /vdms/build/src/pmgd/src/CMakeFiles/pmgd.dir/DependInfo.cmake "--color="
#35 1.174 make[2]: Entering directory '/vdms/build'
#35 1.174 cd /vdms/build && /usr/local/bin/cmake -E cmake_depends "Unix Makefiles" /vdms /vdms/src/pmgd/util /vdms/build /vdms/build/src/pmgd/util /vdms/build/src/pmgd/util/CMakeFiles/pmgd-util.dir/DependInfo.cmake "--color="
#35 1.175 make[2]: Entering directory '/vdms/build'
#35 1.175 cd /vdms/build && /usr/local/bin/cmake -E cmake_depends "Unix Makefiles" /vdms /vdms/utils /vdms/build /vdms/build/utils /vdms/build/utils/CMakeFiles/vdms-utils.dir/DependInfo.cmake "--color="
#35 1.175 make[2]: Entering directory '/vdms/build'
#35 1.175 cd /vdms/build && /usr/local/bin/cmake -E cmake_depends "Unix Makefiles" /vdms /vdms/src/pmgd/java /vdms/build /vdms/build/src/pmgd/java /vdms/build/src/pmgd/java/CMakeFiles/pmgd-jar.dir/DependInfo.cmake "--color="
#35 1.178 [  1%] Running cpp protocol buffer compiler on /vdms/utils/src/protobuf/partitionerMessages.proto
#35 1.178 [  1%] Running cpp protocol buffer compiler on /vdms/utils/src/protobuf/queryMessage.proto
#35 1.178 [  1%] Running cpp protocol buffer compiler on /vdms/utils/src/protobuf/pmgdMessages.proto
#35 1.179 /usr/local/bin/protoc-24.2.0 --cpp_out :/vdms/build -I /vdms/utils/src/protobuf /vdms/utils/src/protobuf/partitionerMessages.proto
#35 1.179 /usr/local/bin/protoc-24.2.0 --cpp_out :/vdms/build -I /vdms/utils/src/protobuf /vdms/utils/src/protobuf/queryMessage.proto
#35 1.179 /usr/local/bin/protoc-24.2.0 --cpp_out :/vdms/build -I /vdms/utils/src/protobuf /vdms/utils/src/protobuf/pmgdMessages.proto
#35 1.180 make[2]: Leaving directory '/vdms/build'
#35 1.180 make[2]: Leaving directory '/vdms/build'
#35 1.180 make  -f src/vcl/CMakeFiles/vcl.dir/build.make src/vcl/CMakeFiles/vcl.dir/build
#35 1.180 make[2]: Leaving directory '/vdms/build'
#35 1.180 make[2]: Leaving directory '/vdms/build'
#35 1.180 make  -f src/pmgd/util/CMakeFiles/pmgd-util.dir/build.make src/pmgd/util/CMakeFiles/pmgd-util.dir/build
#35 1.180 make[2]: Leaving directory '/vdms/build'
#35 1.180 make  -f src/pmgd/src/CMakeFiles/pmgd.dir/build.make src/pmgd/src/CMakeFiles/pmgd.dir/build
#35 1.181 make  -f utils/CMakeFiles/vdms-utils.dir/build.make utils/CMakeFiles/vdms-utils.dir/build
#35 1.181 make  -f src/pmgd/java/CMakeFiles/pmgd-jar.dir/build.make src/pmgd/java/CMakeFiles/pmgd-jar.dir/build
#35 1.181 make[2]: Entering directory '/vdms/build'
#35 1.182 make[2]: Entering directory '/vdms/build'
#35 1.182 make[2]: Entering directory '/vdms/build'
#35 1.182 make[2]: Entering directory '/vdms/build'
#35 1.182 make[2]: Entering directory '/vdms/build'
#35 1.186 [  1%] Building CXX object src/vcl/CMakeFiles/vcl.dir/__/VDMSConfig.cc.o
#35 1.186 [  3%] Building CXX object src/vcl/CMakeFiles/vcl.dir/DescriptorSet.cc.o
#35 1.186 [  3%] Building CXX object src/pmgd/util/CMakeFiles/pmgd-util.dir/dump_debug.cc.o
#35 1.186 [  3%] Building CXX object src/pmgd/src/CMakeFiles/pmgd.dir/Allocator.cc.o
#35 1.186 [  3%] Building CXX object utils/CMakeFiles/vdms-utils.dir/src/timers/TimerMap.cc.o
#35 1.186 cd /vdms/build/src/vcl && /usr/bin/c++ -Dvcl_EXPORTS -I/vdms/build -I/vdms/src/vcl/../../include -I/vdms/src/vcl/. -I/usr/include/jsoncpp -I/vdms/src/vcl/../../utils/include -isystem /usr/local/include/opencv4 -Wall -Wall -Wextra -std=gnu++17 -fPIC -g -fPIC -std=c++17 -Wno-deprecated-declarations -MD -MT src/vcl/CMakeFiles/vcl.dir/__/VDMSConfig.cc.o -MF CMakeFiles/vcl.dir/__/VDMSConfig.cc.o.d -o CMakeFiles/vcl.dir/__/VDMSConfig.cc.o -c /vdms/src/VDMSConfig.cc
#35 1.186 [  3%] Building CXX object src/vcl/CMakeFiles/vcl.dir/DescriptorSetData.cc.o
#35 1.186 [  3%] Building CXX object src/pmgd/util/CMakeFiles/pmgd-util.dir/dump_gexf.cc.o
#35 1.187 [  3%] Building CXX object src/pmgd/util/CMakeFiles/pmgd-util.dir/dump_pmgd.cc.o
#35 1.187 [  3%] Building Java objects for pmgd-jar.jar
#35 1.187 [  3%] Building CXX object src/pmgd/src/CMakeFiles/pmgd.dir/AllocatorUnit.cc.o
#35 1.187 cd /vdms/build/src/vcl && /usr/bin/c++ -Dvcl_EXPORTS -I/vdms/build -I/vdms/src/vcl/../../include -I/vdms/src/vcl/. -I/usr/include/jsoncpp -I/vdms/src/vcl/../../utils/include -isystem /usr/local/include/opencv4 -Wall -Wall -Wextra -std=gnu++17 -fPIC -g -fPIC -std=c++17 -Wno-deprecated-declarations -MD -MT src/vcl/CMakeFiles/vcl.dir/DescriptorSet.cc.o -MF CMakeFiles/vcl.dir/DescriptorSet.cc.o.d -o CMakeFiles/vcl.dir/DescriptorSet.cc.o -c /vdms/src/vcl/DescriptorSet.cc
#35 1.187 [  4%] Building CXX object src/vcl/CMakeFiles/vcl.dir/Exception.cc.o
#35 1.187 cd /vdms/build/src/pmgd/util && /usr/bin/c++ -Dpmgd_util_EXPORTS -I/vdms/build -I/vdms/src/pmgd/util/../include -Wall -std=c++14 -fPIC -g -fPIC -std=c++17 -MD -MT src/pmgd/util/CMakeFiles/pmgd-util.dir/dump_debug.cc.o -MF CMakeFiles/pmgd-util.dir/dump_debug.cc.o.d -o CMakeFiles/pmgd-util.dir/dump_debug.cc.o -c /vdms/src/pmgd/util/dump_debug.cc
#35 1.187 [  5%] Building CXX object utils/CMakeFiles/vdms-utils.dir/src/comm/ConnClient.cc.o
#35 1.187 [  5%] Building CXX object src/pmgd/util/CMakeFiles/pmgd-util.dir/exception.cc.o
#35 1.187 cd /vdms/build/utils && /usr/bin/c++ -Dvdms_utils_EXPORTS -I/vdms/build -I/vdms/utils/include/comm -I/vdms/utils/include/chrono -I/vdms/utils/include/stats -I/vdms/utils/include/timers -I/vdms/utils/include/kubernetes -Wall -std=gnu++17 -fPIC -g -fPIC -std=c++17 -MD -MT utils/CMakeFiles/vdms-utils.dir/src/timers/TimerMap.cc.o -MF CMakeFiles/vdms-utils.dir/src/timers/TimerMap.cc.o.d -o CMakeFiles/vdms-utils.dir/src/timers/TimerMap.cc.o -c /vdms/utils/src/timers/TimerMap.cc
#35 1.187 cd /vdms/build/src/pmgd/util && /usr/bin/c++ -Dpmgd_util_EXPORTS -I/vdms/build -I/vdms/src/pmgd/util/../include -Wall -std=c++14 -fPIC -g -fPIC -std=c++17 -MD -MT src/pmgd/util/CMakeFiles/pmgd-util.dir/dump_gexf.cc.o -MF CMakeFiles/pmgd-util.dir/dump_gexf.cc.o.d -o CMakeFiles/pmgd-util.dir/dump_gexf.cc.o -c /vdms/src/pmgd/util/dump_gexf.cc
#35 1.187 cd /vdms/src/pmgd/java && /usr/local/bin/cmake -DCMAKE_JAVA_CLASS_OUTPUT_PATH=/vdms/build/src/pmgd/java/CMakeFiles/pmgd-jar.dir -DCMAKE_JAR_CLASSES_PREFIX= -P /usr/local/share/cmake-3.28/Modules/UseJava/ClearClassFiles.cmake
#35 1.187 cd /vdms/build/src/pmgd/src && /usr/bin/c++ -DCOMMIT_ID=\"632192f\" -Dpmgd_EXPORTS -I/vdms/build -I/vdms/src/pmgd/src/../include -Wall -std=c++14 -fPIC -g -fPIC -std=c++17 -MD -MT src/pmgd/src/CMakeFiles/pmgd.dir/Allocator.cc.o -MF CMakeFiles/pmgd.dir/Allocator.cc.o.d -o CMakeFiles/pmgd.dir/Allocator.cc.o -c /vdms/src/pmgd/src/Allocator.cc
#35 1.187 cd /vdms/build/src/vcl && /usr/bin/c++ -Dvcl_EXPORTS -I/vdms/build -I/vdms/src/vcl/../../include -I/vdms/src/vcl/. -I/usr/include/jsoncpp -I/vdms/src/vcl/../../utils/include -isystem /usr/local/include/opencv4 -Wall -Wall -Wextra -std=gnu++17 -fPIC -g -fPIC -std=c++17 -Wno-deprecated-declarations -MD -MT src/vcl/CMakeFiles/vcl.dir/DescriptorSetData.cc.o -MF CMakeFiles/vcl.dir/DescriptorSetData.cc.o.d -o CMakeFiles/vcl.dir/DescriptorSetData.cc.o -c /vdms/src/vcl/DescriptorSetData.cc
#35 1.188 cd /vdms/build/src/pmgd/util && /usr/bin/c++ -Dpmgd_util_EXPORTS -I/vdms/build -I/vdms/src/pmgd/util/../include -Wall -std=c++14 -fPIC -g -fPIC -std=c++17 -MD -MT src/pmgd/util/CMakeFiles/pmgd-util.dir/dump_pmgd.cc.o -MF CMakeFiles/pmgd-util.dir/dump_pmgd.cc.o.d -o CMakeFiles/pmgd-util.dir/dump_pmgd.cc.o -c /vdms/src/pmgd/util/dump_pmgd.cc
#35 1.188 cd /vdms/build/src/pmgd/src && /usr/bin/c++ -DCOMMIT_ID=\"632192f\" -Dpmgd_EXPORTS -I/vdms/build -I/vdms/src/pmgd/src/../include -Wall -std=c++14 -fPIC -g -fPIC -std=c++17 -MD -MT src/pmgd/src/CMakeFiles/pmgd.dir/AllocatorUnit.cc.o -MF CMakeFiles/pmgd.dir/AllocatorUnit.cc.o.d -o CMakeFiles/pmgd.dir/AllocatorUnit.cc.o -c /vdms/src/pmgd/src/AllocatorUnit.cc
#35 1.188 cd /vdms/build/utils && /usr/bin/c++ -Dvdms_utils_EXPORTS -I/vdms/build -I/vdms/utils/include/comm -I/vdms/utils/include/chrono -I/vdms/utils/include/stats -I/vdms/utils/include/timers -I/vdms/utils/include/kubernetes -Wall -std=gnu++17 -fPIC -g -fPIC -std=c++17 -MD -MT utils/CMakeFiles/vdms-utils.dir/src/comm/ConnClient.cc.o -MF CMakeFiles/vdms-utils.dir/src/comm/ConnClient.cc.o.d -o CMakeFiles/vdms-utils.dir/src/comm/ConnClient.cc.o -c /vdms/utils/src/comm/ConnClient.cc
#35 1.188 cd /vdms/build/src/vcl && /usr/bin/c++ -Dvcl_EXPORTS -I/vdms/build -I/vdms/src/vcl/../../include -I/vdms/src/vcl/. -I/usr/include/jsoncpp -I/vdms/src/vcl/../../utils/include -isystem /usr/local/include/opencv4 -Wall -Wall -Wextra -std=gnu++17 -fPIC -g -fPIC -std=c++17 -Wno-deprecated-declarations -MD -MT src/vcl/CMakeFiles/vcl.dir/Exception.cc.o -MF CMakeFiles/vcl.dir/Exception.cc.o.d -o CMakeFiles/vcl.dir/Exception.cc.o -c /vdms/src/vcl/Exception.cc
#35 1.188 cd /vdms/build/src/pmgd/util && /usr/bin/c++ -Dpmgd_util_EXPORTS -I/vdms/build -I/vdms/src/pmgd/util/../include -Wall -std=c++14 -fPIC -g -fPIC -std=c++17 -MD -MT src/pmgd/util/CMakeFiles/pmgd-util.dir/exception.cc.o -MF CMakeFiles/pmgd-util.dir/exception.cc.o.d -o CMakeFiles/pmgd-util.dir/exception.cc.o -c /vdms/src/pmgd/util/exception.cc
#35 1.193 cd /vdms/src/pmgd/java && /usr/bin/javac -classpath :/vdms/src/pmgd/java:/vdms/build/src/pmgd/java -d /vdms/build/src/pmgd/java/CMakeFiles/pmgd-jar.dir @/vdms/build/src/pmgd/java/CMakeFiles/pmgd-jar.dir/java_sources
#35 1.216 [  5%] Building CXX object src/pmgd/util/CMakeFiles/pmgd-util.dir/loader.cc.o
#35 1.216 cd /vdms/build/src/pmgd/util && /usr/bin/c++ -Dpmgd_util_EXPORTS -I/vdms/build -I/vdms/src/pmgd/util/../include -Wall -std=c++14 -fPIC -g -fPIC -std=c++17 -MD -MT src/pmgd/util/CMakeFiles/pmgd-util.dir/loader.cc.o -MF CMakeFiles/pmgd-util.dir/loader.cc.o.d -o CMakeFiles/pmgd-util.dir/loader.cc.o -c /vdms/src/pmgd/util/loader.cc
#35 1.263 [  5%] Building CXX object src/pmgd/util/CMakeFiles/pmgd-util.dir/load_gson.cc.o
#35 1.263 cd /vdms/build/src/pmgd/util && /usr/bin/c++ -Dpmgd_util_EXPORTS -I/vdms/build -I/vdms/src/pmgd/util/../include -Wall -std=c++14 -fPIC -g -fPIC -std=c++17 -MD -MT src/pmgd/util/CMakeFiles/pmgd-util.dir/load_gson.cc.o -MF CMakeFiles/pmgd-util.dir/load_gson.cc.o.d -o CMakeFiles/pmgd-util.dir/load_gson.cc.o -c /vdms/src/pmgd/util/load_gson.cc
#35 1.400 In file included from /vdms/src/pmgd/util/../include/pmgd.h:38,
#35 1.400                  from /vdms/src/pmgd/util/dump_debug.cc:33:
#35 1.400 /vdms/src/pmgd/util/../include/property.h: In constructor 'PMGD::Time::Time()':
#35 1.400 /vdms/src/pmgd/util/../include/property.h:70:24: warning: 'void* memset(void*, int, size_t)' clearing an object of non-trivial type 'struct PMGD::Time'; use assignment or value-initialization instead [-Wclass-memaccess]
#35 1.400    70 |         Time() { memset(this, 0, sizeof(Time)); }
#35 1.400       |                  ~~~~~~^~~~~~~~~~~~~~~~~~~~~~~
#35 1.400 /vdms/src/pmgd/util/../include/property.h:45:12: note: 'struct PMGD::Time' declared here
#35 1.400    45 |     struct Time {
#35 1.400       |            ^~~~
#35 1.401 In file included from /vdms/src/pmgd/util/../include/pmgd.h:38,
#35 1.401                  from /vdms/src/pmgd/util/exception.cc:32:
#35 1.401 /vdms/src/pmgd/util/../include/property.h: In constructor 'PMGD::Time::Time()':
#35 1.401 /vdms/src/pmgd/util/../include/property.h:70:24: warning: 'void* memset(void*, int, size_t)' clearing an object of non-trivial type 'struct PMGD::Time'; use assignment or value-initialization instead [-Wclass-memaccess]
#35 1.401    70 |         Time() { memset(this, 0, sizeof(Time)); }
#35 1.401       |                  ~~~~~~^~~~~~~~~~~~~~~~~~~~~~~
#35 1.401 /vdms/src/pmgd/util/../include/property.h:45:12: note: 'struct PMGD::Time' declared here
#35 1.401    45 |     struct Time {
#35 1.401       |            ^~~~
#35 1.401 In file included from /vdms/src/pmgd/util/../include/pmgd.h:38,
#35 1.401                  from /vdms/src/pmgd/util/dump_pmgd.cc:32:
#35 1.401 /vdms/src/pmgd/util/../include/property.h: In constructor 'PMGD::Time::Time()':
#35 1.401 /vdms/src/pmgd/util/../include/property.h:70:24: warning: 'void* memset(void*, int, size_t)' clearing an object of non-trivial type 'struct PMGD::Time'; use assignment or value-initialization instead [-Wclass-memaccess]
#35 1.401    70 |         Time() { memset(this, 0, sizeof(Time)); }
#35 1.401       |                  ~~~~~~^~~~~~~~~~~~~~~~~~~~~~~
#35 1.401 /vdms/src/pmgd/util/../include/property.h:45:12: note: 'struct PMGD::Time' declared here
#35 1.401    45 |     struct Time {
#35 1.401       |            ^~~~
#35 1.446 [  6%] Building CXX object src/vcl/CMakeFiles/vcl.dir/FaissDescriptorSet.cc.o
#35 1.447 cd /vdms/build/src/vcl && /usr/bin/c++ -Dvcl_EXPORTS -I/vdms/build -I/vdms/src/vcl/../../include -I/vdms/src/vcl/. -I/usr/include/jsoncpp -I/vdms/src/vcl/../../utils/include -isystem /usr/local/include/opencv4 -Wall -Wall -Wextra -std=gnu++17 -fPIC -g -fPIC -std=c++17 -Wno-deprecated-declarations -MD -MT src/vcl/CMakeFiles/vcl.dir/FaissDescriptorSet.cc.o -MF CMakeFiles/vcl.dir/FaissDescriptorSet.cc.o.d -o CMakeFiles/vcl.dir/FaissDescriptorSet.cc.o -c /vdms/src/vcl/FaissDescriptorSet.cc
#35 1.469 In file included from /vdms/src/pmgd/util/../include/pmgd.h:38,
#35 1.469                  from loader.y:34:
#35 1.469 /vdms/src/pmgd/util/../include/property.h: In constructor 'PMGD::Time::Time()':
#35 1.469 /vdms/src/pmgd/util/../include/property.h:70:24: warning: 'void* memset(void*, int, size_t)' clearing an object of non-trivial type 'struct PMGD::Time'; use assignment or value-initialization instead [-Wclass-memaccess]
#35 1.469    70 |         Time() { memset(this, 0, sizeof(Time)); }
#35 1.469       |                  ~~~~~~^~~~~~~~~~~~~~~~~~~~~~~
#35 1.469 /vdms/src/pmgd/util/../include/property.h:45:12: note: 'struct PMGD::Time' declared here
#35 1.469    45 |     struct Time {
#35 1.469       |            ^~~~
#35 1.476 In file included from /vdms/src/pmgd/util/../include/pmgd.h:38,
#35 1.476                  from /vdms/src/pmgd/util/dump_gexf.cc:33:
#35 1.476 /vdms/src/pmgd/util/../include/property.h: In constructor 'PMGD::Time::Time()':
#35 1.476 /vdms/src/pmgd/util/../include/property.h:70:24: warning: 'void* memset(void*, int, size_t)' clearing an object of non-trivial type 'struct PMGD::Time'; use assignment or value-initialization instead [-Wclass-memaccess]
#35 1.476    70 |         Time() { memset(this, 0, sizeof(Time)); }
#35 1.476       |                  ~~~~~~^~~~~~~~~~~~~~~~~~~~~~~
#35 1.476 /vdms/src/pmgd/util/../include/property.h:45:12: note: 'struct PMGD::Time' declared here
#35 1.476    45 |     struct Time {
#35 1.476       |            ^~~~
#35 1.511 /vdms/utils/src/comm/ConnClient.cc: In constructor 'comm::ConnClient::ConnClient(std::string, int, const std::string&, const std::string&, const std::string&)':
#35 1.511 /vdms/utils/src/comm/ConnClient.cc:73:12: warning: comparison of integer expressions of different signedness: 'int' and 'const unsigned int' [-Wsign-compare]
#35 1.511    73 |   if (port > MAX_PORT_NUMBER || port <= 0) {
#35 1.511       |       ~~~~~^~~~~~~~~~~~~~~~~
#35 1.617 [  6%] Building CXX object utils/CMakeFiles/vdms-utils.dir/src/comm/Connection.cc.o
#35 1.617 cd /vdms/build/utils && /usr/bin/c++ -Dvdms_utils_EXPORTS -I/vdms/build -I/vdms/utils/include/comm -I/vdms/utils/include/chrono -I/vdms/utils/include/stats -I/vdms/utils/include/timers -I/vdms/utils/include/kubernetes -Wall -std=gnu++17 -fPIC -g -fPIC -std=c++17 -MD -MT utils/CMakeFiles/vdms-utils.dir/src/comm/Connection.cc.o -MF CMakeFiles/vdms-utils.dir/src/comm/Connection.cc.o.d -o CMakeFiles/vdms-utils.dir/src/comm/Connection.cc.o -c /vdms/utils/src/comm/Connection.cc
#35 1.628 /vdms/utils/src/timers/TimerMap.cc: In member function 'std::vector<long long int> TimerMap::return_all_timestamps(std::string)':
#35 1.628 /vdms/utils/src/timers/TimerMap.cc:67:19: warning: comparison of integer expressions of different signedness: 'int' and 'std::vector<std::chrono::time_point<std::chrono::_V2::steady_clock, std::chrono::duration<long int, std::ratio<1, 1000000000> > > >::size_type' {aka 'long unsigned int'} [-Wsign-compare]
#35 1.628    67 |     for (i = 0; i < timestamps->size(); i++) {
#35 1.628       |                 ~~^~~~~~~~~~~~~~~~~~~~
#35 1.633 /vdms/utils/src/timers/TimerMap.cc: In member function 'std::vector<double> TimerMap::return_intervals(std::string)':
#35 1.633 /vdms/utils/src/timers/TimerMap.cc:91:23: warning: comparison of integer expressions of different signedness: 'int' and 'std::vector<std::chrono::time_point<std::chrono::_V2::steady_clock, std::chrono::duration<long int, std::ratio<1, 1000000000> > > >::size_type' {aka 'long unsigned int'} [-Wsign-compare]
#35 1.633    91 |     for (int i = 0; i < timestamps->size(); i++) {
#35 1.633       |                     ~~^~~~~~~~~~~~~~~~~~~~
#35 1.633 /vdms/utils/src/timers/TimerMap.cc:95:13: warning: comparison of integer expressions of different signedness: 'int' and 'std::vector<std::chrono::time_point<std::chrono::_V2::steady_clock, std::chrono::duration<long int, std::ratio<1, 1000000000> > > >::size_type' {aka 'long unsigned int'} [-Wsign-compare]
#35 1.633    95 |       if (i < timestamps->size() - 1) {
#35 1.633       |           ~~^~~~~~~~~~~~~~~~~~~~~~~~
#35 1.641 /vdms/utils/src/timers/TimerMap.cc: In member function 'void TimerMap::print_map_runtimes()':
#35 1.641 /vdms/utils/src/timers/TimerMap.cc:156:21: warning: comparison of integer expressions of different signedness: 'int' and 'std::vector<std::__cxx11::basic_string<char> >::size_type' {aka 'long unsigned int'} [-Wsign-compare]
#35 1.641   156 |   for (int i = 0; i < timer_id_list.size(); i++) {
#35 1.641       |                   ~~^~~~~~~~~~~~~~~~~~~~~~
#35 1.643 /vdms/utils/src/timers/TimerMap.cc: In destructor 'TimerMap::~TimerMap()':
#35 1.643 /vdms/utils/src/timers/TimerMap.cc:170:17: warning: comparison of integer expressions of different signedness: 'int' and 'std::vector<std::__cxx11::basic_string<char> >::size_type' {aka 'long unsigned int'} [-Wsign-compare]
#35 1.643   170 |   for (i = 0; i < timerids.size(); i++) {
#35 1.643       |               ~~^~~~~~~~~~~~~~~~~
#35 1.646 cd /vdms/build && /usr/local/bin/cmake -E cmake_depends "Unix Makefiles" /vdms /vdms /vdms/build /vdms/build /vdms/build/CMakeFiles/vdms_protobuf.dir/DependInfo.cmake "--color="
#35 1.652 make[2]: Leaving directory '/vdms/build'
#35 1.652 make  -f CMakeFiles/vdms_protobuf.dir/build.make CMakeFiles/vdms_protobuf.dir/build
#35 1.653 make[2]: Entering directory '/vdms/build'
#35 1.658 [  6%] Building CXX object CMakeFiles/vdms_protobuf.dir/partitionerMessages.pb.cc.o
#35 1.659 /usr/bin/c++ -DPROTOBUF_USE_DLLS -I/vdms/build -I/usr/include/jsoncpp -I/vdms/utils/include -I/vdms/src/pmgd/include -I/vdms/src/pmgd/util -I/vdms/include -I/vdms/src/vcl -I/vdms/build/utils/src/protobuf -I/usr/local/include/kubernetes -Wall -std=gnu++17 -g -fPIC -std=c++17 -MD -MT CMakeFiles/vdms_protobuf.dir/partitionerMessages.pb.cc.o -MF CMakeFiles/vdms_protobuf.dir/partitionerMessages.pb.cc.o.d -o CMakeFiles/vdms_protobuf.dir/partitionerMessages.pb.cc.o -c /vdms/build/partitionerMessages.pb.cc
#35 1.731 [  6%] Building CXX object utils/CMakeFiles/vdms-utils.dir/src/comm/Exception.cc.o
#35 1.731 cd /vdms/build/utils && /usr/bin/c++ -Dvdms_utils_EXPORTS -I/vdms/build -I/vdms/utils/include/comm -I/vdms/utils/include/chrono -I/vdms/utils/include/stats -I/vdms/utils/include/timers -I/vdms/utils/include/kubernetes -Wall -std=gnu++17 -fPIC -g -fPIC -std=c++17 -MD -MT utils/CMakeFiles/vdms-utils.dir/src/comm/Exception.cc.o -MF CMakeFiles/vdms-utils.dir/src/comm/Exception.cc.o.d -o CMakeFiles/vdms-utils.dir/src/comm/Exception.cc.o -c /vdms/utils/src/comm/Exception.cc
#35 1.790 In file included from /vdms/src/pmgd/util/../include/pmgd.h:38,
#35 1.790                  from /vdms/src/pmgd/util/load_gson.cc:39:
#35 1.790 /vdms/src/pmgd/util/../include/property.h: In constructor 'PMGD::Time::Time()':
#35 1.790 /vdms/src/pmgd/util/../include/property.h:70:24: warning: 'void* memset(void*, int, size_t)' clearing an object of non-trivial type 'struct PMGD::Time'; use assignment or value-initialization instead [-Wclass-memaccess]
#35 1.790    70 |         Time() { memset(this, 0, sizeof(Time)); }
#35 1.790       |                  ~~~~~~^~~~~~~~~~~~~~~~~~~~~~~
#35 1.790 /vdms/src/pmgd/util/../include/property.h:45:12: note: 'struct PMGD::Time' declared here
#35 1.790    45 |     struct Time {
#35 1.790       |            ^~~~
#35 1.828 Note: Some input files use or override a deprecated API.
#35 1.828 Note: Recompile with -Xlint:deprecation for details.
#35 1.845 [  7%] Building CXX object utils/CMakeFiles/vdms-utils.dir/src/comm/ConnServer.cc.o
#35 1.846 cd /vdms/build/utils && /usr/bin/c++ -Dvdms_utils_EXPORTS -I/vdms/build -I/vdms/utils/include/comm -I/vdms/utils/include/chrono -I/vdms/utils/include/stats -I/vdms/utils/include/timers -I/vdms/utils/include/kubernetes -Wall -std=gnu++17 -fPIC -g -fPIC -std=c++17 -MD -MT utils/CMakeFiles/vdms-utils.dir/src/comm/ConnServer.cc.o -MF CMakeFiles/vdms-utils.dir/src/comm/ConnServer.cc.o.d -o CMakeFiles/vdms-utils.dir/src/comm/ConnServer.cc.o -c /vdms/utils/src/comm/ConnServer.cc
#35 1.852 cd /vdms/src/pmgd/java && /usr/local/bin/cmake -E touch /vdms/build/src/pmgd/java/CMakeFiles/pmgd-jar.dir/java_compiled_pmgd-jar
#35 1.863 [  8%] Generating CMakeFiles/pmgd-jar.dir/java_class_filelist
#35 1.863 cd /vdms/src/pmgd/java && /usr/local/bin/cmake -DCMAKE_JAVA_CLASS_OUTPUT_PATH=/vdms/build/src/pmgd/java/CMakeFiles/pmgd-jar.dir -DCMAKE_JAR_CLASSES_PREFIX= -P /usr/local/share/cmake-3.28/Modules/UseJava/ClassFilelist.cmake
#35 1.874 [  8%] Creating Java archive pmgd-jar.jar
#35 1.875 cd /vdms/build/src/pmgd/java/CMakeFiles/pmgd-jar.dir && /usr/bin/jar -cf /vdms/build/src/pmgd/java/pmgd-jar.jar @java_class_filelist
#35 1.881 [  8%] Building CXX object utils/CMakeFiles/vdms-utils.dir/src/stats/SystemStats.cc.o
#35 1.881 cd /vdms/build/utils && /usr/bin/c++ -Dvdms_utils_EXPORTS -I/vdms/build -I/vdms/utils/include/comm -I/vdms/utils/include/chrono -I/vdms/utils/include/stats -I/vdms/utils/include/timers -I/vdms/utils/include/kubernetes -Wall -std=gnu++17 -fPIC -g -fPIC -std=c++17 -MD -MT utils/CMakeFiles/vdms-utils.dir/src/stats/SystemStats.cc.o -MF CMakeFiles/vdms-utils.dir/src/stats/SystemStats.cc.o.d -o CMakeFiles/vdms-utils.dir/src/stats/SystemStats.cc.o -c /vdms/utils/src/stats/SystemStats.cc
#35 1.929 In file included from /vdms/utils/src/comm/Connection.cc:37:
#35 1.929 /vdms/utils/include/comm/Connection.h: In constructor 'comm::Connection::Connection(int, SSL*)':
#35 1.929 /vdms/utils/include/comm/Connection.h:71:8: warning: 'comm::Connection::_ssl' will be initialized after [-Wreorder]
#35 1.929    71 |   SSL *_ssl;
#35 1.929       |        ^~~~
#35 1.929 /vdms/utils/include/comm/Connection.h:69:12: warning:   'uint32_t comm::Connection::_buffer_size_limit' [-Wreorder]
#35 1.929    69 |   uint32_t _buffer_size_limit{};
#35 1.929       |            ^~~~~~~~~~~~~~~~~~
#35 1.929 /vdms/utils/src/comm/Connection.cc:44:1: warning:   when initialized here [-Wreorder]
#35 1.929    44 | Connection::Connection(int socket_fd, SSL *ssl)
#35 1.929       | ^~~~~~~~~~
#35 1.931 /vdms/utils/src/comm/Connection.cc: In member function 'void comm::Connection::send_message(const uint8_t*, uint32_t)':
#35 1.931 /vdms/utils/src/comm/Connection.cc:101:21: warning: comparison of integer expressions of different signedness: 'int' and 'uint32_t' {aka 'unsigned int'} [-Wsign-compare]
#35 1.931   101 |   while (bytes_sent < size) {
#35 1.931       |          ~~~~~~~~~~~^~~~~~
#35 1.931 /vdms/utils/src/comm/Connection.cc: In lambda function:
#35 1.931 /vdms/utils/src/comm/Connection.cc:128:53: warning: pointer of type 'void *' used in arithmetic [-Wpointer-arith]
#35 1.931   128 |         ret = SSL_read(_ssl, (void *)(char *)buffer + bytes_recv,
#35 1.931       |                              ~~~~~~~~~~~~~~~~~~~~~~~^~~~~~~~~~~~
#35 1.985 cd /vdms/build/src/pmgd/java/CMakeFiles/pmgd-jar.dir && /usr/local/bin/cmake -D_JAVA_TARGET_DIR=/vdms/build/src/pmgd/java -D_JAVA_TARGET_OUTPUT_NAME=pmgd-jar.jar -D_JAVA_TARGET_OUTPUT_LINK= -P /usr/local/share/cmake-3.28/Modules/UseJava/Symlinks.cmake
#35 1.992 make[2]: Leaving directory '/vdms/build'
#35 1.997 [  8%] Built target pmgd-jar
#35 2.003 [  8%] Building CXX object utils/CMakeFiles/vdms-utils.dir/src/kubernetes/KubeHelper.cc.o
#35 2.003 cd /vdms/build/utils && /usr/bin/c++ -Dvdms_utils_EXPORTS -I/vdms/build -I/vdms/utils/include/comm -I/vdms/utils/include/chrono -I/vdms/utils/include/stats -I/vdms/utils/include/timers -I/vdms/utils/include/kubernetes -Wall -std=gnu++17 -fPIC -g -fPIC -std=c++17 -MD -MT utils/CMakeFiles/vdms-utils.dir/src/kubernetes/KubeHelper.cc.o -MF CMakeFiles/vdms-utils.dir/src/kubernetes/KubeHelper.cc.o.d -o CMakeFiles/vdms-utils.dir/src/kubernetes/KubeHelper.cc.o -c /vdms/utils/src/kubernetes/KubeHelper.cc
#35 2.008 [  9%] Building CXX object src/pmgd/src/CMakeFiles/pmgd.dir/AvlTree.cc.o
#35 2.008 cd /vdms/build/src/pmgd/src && /usr/bin/c++ -DCOMMIT_ID=\"632192f\" -Dpmgd_EXPORTS -I/vdms/build -I/vdms/src/pmgd/src/../include -Wall -std=c++14 -fPIC -g -fPIC -std=c++17 -MD -MT src/pmgd/src/CMakeFiles/pmgd.dir/AvlTree.cc.o -MF CMakeFiles/pmgd.dir/AvlTree.cc.o.d -o CMakeFiles/pmgd.dir/AvlTree.cc.o -c /vdms/src/pmgd/src/AvlTree.cc
#35 2.020 In file included from /vdms/src/VDMSConfig.cc:44:
#35 2.020 /vdms/src/VDMSConfig.h:138:3: warning: type qualifiers ignored on function return type [-Wignored-qualifiers]
#35 2.020   138 |   const Aws::Utils::Logging::LogLevel get_aws_log_level() {
#35 2.020       |   ^~~~~
#35 2.041 /vdms/src/VDMSConfig.cc: In member function 'void VDMS::VDMSConfig::expand_directory_layer(std::vector<std::vector<std::__cxx11::basic_string<char> >*>*, int)':
#35 2.041 /vdms/src/VDMSConfig.cc:160:12: warning: comparison of integer expressions of different signedness: 'int' and 'std::vector<std::__cxx11::basic_string<char> >::size_type' {aka 'long unsigned int'} [-Wsign-compare]
#35 2.041   160 |          j < (*p_directory_list)[p_directory_list->size() - 1]->size(); j++) {
#35 2.041       |          ~~^~~~~~~~~~~~~~~~~~~~~~~~~~~~~~~~~~~~~~~~~~~~~~~~~~~~~~~~~~~
#35 2.042 /vdms/src/VDMSConfig.cc: In member function 'void VDMS::VDMSConfig::create_directory_layer(std::vector<std::vector<std::__cxx11::basic_string<char> >*>*, std::string)':
#35 2.042 /vdms/src/VDMSConfig.cc:178:23: warning: comparison of integer expressions of different signedness: 'int' and 'std::vector<std::vector<std::__cxx11::basic_string<char> >*>::size_type' {aka 'long unsigned int'} [-Wsign-compare]
#35 2.042   178 |     for (int i = 0; i < p_directory_list->size(); i++) {
#35 2.042       |                     ~~^~~~~~~~~~~~~~~~~~~~~~~~~~
#35 2.042 /vdms/src/VDMSConfig.cc:180:25: warning: comparison of integer expressions of different signedness: 'int' and 'std::vector<std::__cxx11::basic_string<char> >::size_type' {aka 'long unsigned int'} [-Wsign-compare]
#35 2.042   180 |       for (int j = 0; j < tmp_string_vector->size(); j++) {
#35 2.042       |                       ~~^~~~~~~~~~~~~~~~~~~~~~~~~~~
#35 2.051 [ 10%] Building CXX object src/pmgd/util/CMakeFiles/pmgd-util.dir/load_tsv.cc.o
#35 2.051 cd /vdms/build/src/pmgd/util && /usr/bin/c++ -Dpmgd_util_EXPORTS -I/vdms/build -I/vdms/src/pmgd/util/../include -Wall -std=c++14 -fPIC -g -fPIC -std=c++17 -MD -MT src/pmgd/util/CMakeFiles/pmgd-util.dir/load_tsv.cc.o -MF CMakeFiles/pmgd-util.dir/load_tsv.cc.o.d -o CMakeFiles/pmgd-util.dir/load_tsv.cc.o -c /vdms/src/pmgd/util/load_tsv.cc
#35 2.055 [ 10%] Building CXX object src/pmgd/src/CMakeFiles/pmgd.dir/AvlTreeIndex.cc.o
#35 2.056 cd /vdms/build/src/pmgd/src && /usr/bin/c++ -DCOMMIT_ID=\"632192f\" -Dpmgd_EXPORTS -I/vdms/build -I/vdms/src/pmgd/src/../include -Wall -std=c++14 -fPIC -g -fPIC -std=c++17 -MD -MT src/pmgd/src/CMakeFiles/pmgd.dir/AvlTreeIndex.cc.o -MF CMakeFiles/pmgd.dir/AvlTreeIndex.cc.o.d -o CMakeFiles/pmgd.dir/AvlTreeIndex.cc.o -c /vdms/src/pmgd/src/AvlTreeIndex.cc
#35 2.074 [ 10%] Building CXX object CMakeFiles/vdms_protobuf.dir/pmgdMessages.pb.cc.o
#35 2.075 /usr/bin/c++ -DPROTOBUF_USE_DLLS -I/vdms/build -I/usr/include/jsoncpp -I/vdms/utils/include -I/vdms/src/pmgd/include -I/vdms/src/pmgd/util -I/vdms/include -I/vdms/src/vcl -I/vdms/build/utils/src/protobuf -I/usr/local/include/kubernetes -Wall -std=gnu++17 -g -fPIC -std=c++17 -MD -MT CMakeFiles/vdms_protobuf.dir/pmgdMessages.pb.cc.o -MF CMakeFiles/vdms_protobuf.dir/pmgdMessages.pb.cc.o.d -o CMakeFiles/vdms_protobuf.dir/pmgdMessages.pb.cc.o -c /vdms/build/pmgdMessages.pb.cc
#35 2.097 [ 10%] Building CXX object src/vcl/CMakeFiles/vcl.dir/FlinngDescriptorSet.cc.o
#35 2.098 cd /vdms/build/src/vcl && /usr/bin/c++ -Dvcl_EXPORTS -I/vdms/build -I/vdms/src/vcl/../../include -I/vdms/src/vcl/. -I/usr/include/jsoncpp -I/vdms/src/vcl/../../utils/include -isystem /usr/local/include/opencv4 -Wall -Wall -Wextra -std=gnu++17 -fPIC -g -fPIC -std=c++17 -Wno-deprecated-declarations -MD -MT src/vcl/CMakeFiles/vcl.dir/FlinngDescriptorSet.cc.o -MF CMakeFiles/vcl.dir/FlinngDescriptorSet.cc.o.d -o CMakeFiles/vcl.dir/FlinngDescriptorSet.cc.o -c /vdms/src/vcl/FlinngDescriptorSet.cc
#35 2.203 In file included from /vdms/src/pmgd/src/../include/iterator.h:36,
#35 2.203                  from /vdms/src/pmgd/src/../include/graph.h:34,
#35 2.203                  from /vdms/src/pmgd/src/GraphConfig.h:35,
#35 2.203                  from /vdms/src/pmgd/src/TransactionManager.h:38,
#35 2.203                  from /vdms/src/pmgd/src/TransactionImpl.h:37,
#35 2.203                  from /vdms/src/pmgd/src/FixedAllocator.h:34,
#35 2.203                  from /vdms/src/pmgd/src/AllocatorUnit.h:37,
#35 2.203                  from /vdms/src/pmgd/src/AllocatorUnit.cc:34:
#35 2.203 /vdms/src/pmgd/src/../include/property.h: In constructor 'PMGD::Time::Time()':
#35 2.203 /vdms/src/pmgd/src/../include/property.h:70:24: warning: 'void* memset(void*, int, size_t)' clearing an object of non-trivial type 'struct PMGD::Time'; use assignment or value-initialization instead [-Wclass-memaccess]
#35 2.203    70 |         Time() { memset(this, 0, sizeof(Time)); }
#35 2.203       |                  ~~~~~~^~~~~~~~~~~~~~~~~~~~~~~
#35 2.203 /vdms/src/pmgd/src/../include/property.h:45:12: note: 'struct PMGD::Time' declared here
#35 2.203    45 |     struct Time {
#35 2.203       |            ^~~~
#35 2.239 /vdms/utils/src/comm/ConnServer.cc: In constructor 'comm::ConnServer::ConnServer(int, const std::string&, const std::string&, const std::string&)':
#35 2.239 /vdms/utils/src/comm/ConnServer.cc:47:13: warning: comparison of integer expressions of different signedness: 'int' and 'const unsigned int' [-Wsign-compare]
#35 2.239    47 |   if (_port > MAX_PORT_NUMBER || _port <= 0) {
#35 2.239       |       ~~~~~~^~~~~~~~~~~~~~~~~
#35 2.256 In file included from /vdms/src/pmgd/util/../include/pmgd.h:38,
#35 2.256                  from /vdms/src/pmgd/util/load_tsv.cc:32:
#35 2.256 /vdms/src/pmgd/util/../include/property.h: In constructor 'PMGD::Time::Time()':
#35 2.256 /vdms/src/pmgd/util/../include/property.h:70:24: warning: 'void* memset(void*, int, size_t)' clearing an object of non-trivial type 'struct PMGD::Time'; use assignment or value-initialization instead [-Wclass-memaccess]
#35 2.256    70 |         Time() { memset(this, 0, sizeof(Time)); }
#35 2.256       |                  ~~~~~~^~~~~~~~~~~~~~~~~~~~~~~
#35 2.256 /vdms/src/pmgd/util/../include/property.h:45:12: note: 'struct PMGD::Time' declared here
#35 2.256    45 |     struct Time {
#35 2.256       |            ^~~~
#35 2.260 In file included from /vdms/src/pmgd/src/../include/iterator.h:36,
#35 2.260                  from /vdms/src/pmgd/src/../include/graph.h:34,
#35 2.260                  from /vdms/src/pmgd/src/GraphConfig.h:35,
#35 2.260                  from /vdms/src/pmgd/src/TransactionManager.h:38,
#35 2.260                  from /vdms/src/pmgd/src/TransactionImpl.h:37,
#35 2.260                  from /vdms/src/pmgd/src/Allocator.h:36,
#35 2.260                  from /vdms/src/pmgd/src/Allocator.cc:37:
#35 2.260 /vdms/src/pmgd/src/../include/property.h: In constructor 'PMGD::Time::Time()':
#35 2.260 /vdms/src/pmgd/src/../include/property.h:70:24: warning: 'void* memset(void*, int, size_t)' clearing an object of non-trivial type 'struct PMGD::Time'; use assignment or value-initialization instead [-Wclass-memaccess]
#35 2.260    70 |         Time() { memset(this, 0, sizeof(Time)); }
#35 2.260       |                  ~~~~~~^~~~~~~~~~~~~~~~~~~~~~~
#35 2.260 /vdms/src/pmgd/src/../include/property.h:45:12: note: 'struct PMGD::Time' declared here
#35 2.260    45 |     struct Time {
#35 2.260       |            ^~~~
#35 2.273 [ 10%] Building CXX object src/pmgd/util/CMakeFiles/pmgd-util.dir/neighbor.cc.o
#35 2.273 cd /vdms/build/src/pmgd/util && /usr/bin/c++ -Dpmgd_util_EXPORTS -I/vdms/build -I/vdms/src/pmgd/util/../include -Wall -std=c++14 -fPIC -g -fPIC -std=c++17 -MD -MT src/pmgd/util/CMakeFiles/pmgd-util.dir/neighbor.cc.o -MF CMakeFiles/pmgd-util.dir/neighbor.cc.o.d -o CMakeFiles/pmgd-util.dir/neighbor.cc.o -c /vdms/src/pmgd/util/neighbor.cc
#35 2.327 make  -f src/pmgd/java/CMakeFiles/PropertyHeader.dir/build.make src/pmgd/java/CMakeFiles/PropertyHeader.dir/depend
#35 2.329 make[2]: Entering directory '/vdms/build'
#35 2.329 cd /vdms/build && /usr/local/bin/cmake -E cmake_depends "Unix Makefiles" /vdms /vdms/src/pmgd/java /vdms/build /vdms/build/src/pmgd/java /vdms/build/src/pmgd/java/CMakeFiles/PropertyHeader.dir/DependInfo.cmake "--color="
#35 2.335 make[2]: Leaving directory '/vdms/build'
#35 2.335 make  -f src/pmgd/java/CMakeFiles/PropertyHeader.dir/build.make src/pmgd/java/CMakeFiles/PropertyHeader.dir/build
#35 2.337 make[2]: Entering directory '/vdms/build'
#35 2.342 [ 11%] Building Java objects for PropertyHeader.jar
#35 2.343 cd /vdms/src/pmgd/java && /usr/local/bin/cmake -DCMAKE_JAVA_CLASS_OUTPUT_PATH=/vdms/build/src/pmgd/java/CMakeFiles/PropertyHeader.dir -DCMAKE_JAR_CLASSES_PREFIX= -P /usr/local/share/cmake-3.28/Modules/UseJava/ClearClassFiles.cmake
#35 2.349 cd /vdms/src/pmgd/java && /usr/bin/javac -classpath :/vdms/src/pmgd/java:/vdms/build/src/pmgd/java:/vdms/build/src/pmgd/java/pmgd-jar.jar -d /vdms/build/src/pmgd/java/CMakeFiles/PropertyHeader.dir -h /vdms/build/src/pmgd/java @/vdms/build/src/pmgd/java/CMakeFiles/PropertyHeader.dir/java_sources
#35 2.395 In file included from /vdms/src/pmgd/src/Index.h:31,
#35 2.395                  from /vdms/src/pmgd/src/AvlTreeIndex.h:31,
#35 2.395                  from /vdms/src/pmgd/src/AvlTreeIndex.cc:31:
#35 2.395 /vdms/src/pmgd/src/../include/property.h: In constructor 'PMGD::Time::Time()':
#35 2.395 /vdms/src/pmgd/src/../include/property.h:70:24: warning: 'void* memset(void*, int, size_t)' clearing an object of non-trivial type 'struct PMGD::Time'; use assignment or value-initialization instead [-Wclass-memaccess]
#35 2.395    70 |         Time() { memset(this, 0, sizeof(Time)); }
#35 2.395       |                  ~~~~~~^~~~~~~~~~~~~~~~~~~~~~~
#35 2.395 /vdms/src/pmgd/src/../include/property.h:45:12: note: 'struct PMGD::Time' declared here
#35 2.395    45 |     struct Time {
#35 2.395       |            ^~~~
#35 2.434 make  -f src/pmgd/java/CMakeFiles/PropertyIteratorHeader.dir/build.make src/pmgd/java/CMakeFiles/PropertyIteratorHeader.dir/depend
#35 2.436 make[2]: Entering directory '/vdms/build'
#35 2.436 cd /vdms/build && /usr/local/bin/cmake -E cmake_depends "Unix Makefiles" /vdms /vdms/src/pmgd/java /vdms/build /vdms/build/src/pmgd/java /vdms/build/src/pmgd/java/CMakeFiles/PropertyIteratorHeader.dir/DependInfo.cmake "--color="
#35 2.442 make[2]: Leaving directory '/vdms/build'
#35 2.442 make  -f src/pmgd/java/CMakeFiles/PropertyIteratorHeader.dir/build.make src/pmgd/java/CMakeFiles/PropertyIteratorHeader.dir/build
#35 2.444 make[2]: Entering directory '/vdms/build'
#35 2.449 [ 12%] Building Java objects for PropertyIteratorHeader.jar
#35 2.450 cd /vdms/src/pmgd/java && /usr/local/bin/cmake -DCMAKE_JAVA_CLASS_OUTPUT_PATH=/vdms/build/src/pmgd/java/CMakeFiles/PropertyIteratorHeader.dir -DCMAKE_JAR_CLASSES_PREFIX= -P /usr/local/share/cmake-3.28/Modules/UseJava/ClearClassFiles.cmake
#35 2.455 cd /vdms/src/pmgd/java && /usr/bin/javac -classpath :/vdms/src/pmgd/java:/vdms/build/src/pmgd/java:/vdms/build/src/pmgd/java/pmgd-jar.jar -d /vdms/build/src/pmgd/java/CMakeFiles/PropertyIteratorHeader.dir -h /vdms/build/src/pmgd/java @/vdms/build/src/pmgd/java/CMakeFiles/PropertyIteratorHeader.dir/java_sources
#35 2.615 /vdms/utils/src/kubernetes/KubeHelper.cc: In member function 'int kubernetes::KubeHelper::pod_creator(char*, std::string)':
#35 2.615 /vdms/utils/src/kubernetes/KubeHelper.cc:64:24: warning: ISO C++ forbids converting a string constant to 'char*' [-Wwrite-strings]
#35 2.615    64 |             char* ns = "default";
#35 2.615       |                        ^~~~~~~~~
#35 2.616 /vdms/utils/src/kubernetes/KubeHelper.cc: In member function 'int kubernetes::KubeHelper::service_creator(char*, char*)':
#35 2.616 /vdms/utils/src/kubernetes/KubeHelper.cc:155:54: warning: ISO C++ forbids converting a string constant to 'char*' [-Wwrite-strings]
#35 2.616   155 |         CoreV1API_createNamespacedService(apiClient, "default", service, NULL, NULL, NULL,NULL);
#35 2.616       |                                                      ^~~~~~~~~
#35 2.616 /vdms/utils/src/kubernetes/KubeHelper.cc:153:15: warning: unused variable 'response' [-Wunused-variable]
#35 2.616   153 |         char *response = NULL;
#35 2.616       |               ^~~~~~~~
#35 2.630 [ 13%] Building CXX object CMakeFiles/vdms_protobuf.dir/queryMessage.pb.cc.o
#35 2.631 /usr/bin/c++ -DPROTOBUF_USE_DLLS -I/vdms/build -I/usr/include/jsoncpp -I/vdms/utils/include -I/vdms/src/pmgd/include -I/vdms/src/pmgd/util -I/vdms/include -I/vdms/src/vcl -I/vdms/build/utils/src/protobuf -I/usr/local/include/kubernetes -Wall -std=gnu++17 -g -fPIC -std=c++17 -MD -MT CMakeFiles/vdms_protobuf.dir/queryMessage.pb.cc.o -MF CMakeFiles/vdms_protobuf.dir/queryMessage.pb.cc.o.d -o CMakeFiles/vdms_protobuf.dir/queryMessage.pb.cc.o -c /vdms/build/queryMessage.pb.cc
#35 2.631 In file included from /vdms/src/pmgd/util/../include/pmgd.h:38,
#35 2.631                  from /vdms/src/pmgd/util/neighbor.cc:36:
#35 2.631 /vdms/src/pmgd/util/../include/property.h: In constructor 'PMGD::Time::Time()':
#35 2.631 /vdms/src/pmgd/util/../include/property.h:70:24: warning: 'void* memset(void*, int, size_t)' clearing an object of non-trivial type 'struct PMGD::Time'; use assignment or value-initialization instead [-Wclass-memaccess]
#35 2.631    70 |         Time() { memset(this, 0, sizeof(Time)); }
#35 2.631       |                  ~~~~~~^~~~~~~~~~~~~~~~~~~~~~~
#35 2.631 /vdms/src/pmgd/util/../include/property.h:45:12: note: 'struct PMGD::Time' declared here
#35 2.631    45 |     struct Time {
#35 2.631       |            ^~~~
#35 2.641 /vdms/src/pmgd/src/Allocator.cc: In destructor 'PMGD::Allocator::~Allocator()':
#35 2.641 /vdms/src/pmgd/src/Allocator.cc:116:23: warning: comparison of integer expressions of different signedness: 'int' and 'std::vector<PMGD::AllocatorUnit*>::size_type' {aka 'long unsigned int'} [-Wsign-compare]
#35 2.641   116 |     for (int i = 0; i < _allocators.size(); ++i)
#35 2.641       |                     ~~^~~~~~~~~~~~~~~~~~~~
#35 2.642 /vdms/src/pmgd/src/Allocator.cc: In member function 'int PMGD::Allocator::get_allocator()':
#35 2.642 /vdms/src/pmgd/src/Allocator.cc:128:41: warning: comparison of integer expressions of different signedness: 'int' and 'std::vector<PMGD::AllocatorUnit*>::size_type' {aka 'long unsigned int'} [-Wsign-compare]
#35 2.642   128 |         for (int alloc_id = 0; alloc_id < _allocators.size(); ++alloc_id) {
#35 2.642       |                                ~~~~~~~~~^~~~~~~~~~~~~~~~~~~~
#35 2.650 In file included from /vdms/src/pmgd/src/../include/property.h:33:
#35 2.650 /vdms/src/pmgd/src/Allocator.cc: In member function 'void PMGD::Allocator::lock_allocators(const PerAllocatorFreeList&)':
#35 2.650 /vdms/src/pmgd/src/Allocator.cc:172:42: warning: comparison of integer expressions of different signedness: 'int' and 'std::vector<PMGD::AllocatorUnit*>::size_type' {aka 'long unsigned int'} [-Wsign-compare]
#35 2.650   172 |         assert(alloc_id >= 0 && alloc_id < _allocators.size());
#35 2.650       |                                 ~~~~~~~~~^~~~~~~~~~~~~~~~~~~~
#35 2.653 [ 13%] Building CXX object src/pmgd/util/CMakeFiles/pmgd-util.dir/scanner.cc.o
#35 2.654 cd /vdms/build/src/pmgd/util && /usr/bin/c++ -Dpmgd_util_EXPORTS -I/vdms/build -I/vdms/src/pmgd/util/../include -Wall -std=c++14 -fPIC -g -fPIC -std=c++17 -MD -MT src/pmgd/util/CMakeFiles/pmgd-util.dir/scanner.cc.o -MF CMakeFiles/pmgd-util.dir/scanner.cc.o.d -o CMakeFiles/pmgd-util.dir/scanner.cc.o -c /vdms/src/pmgd/util/scanner.cc
#35 2.699 /vdms/utils/src/kubernetes/KubeHelper.cc: In member function 'std::string kubernetes::KubeHelper::k8s_objects_creator(char*, std::string)':
#35 2.699 /vdms/utils/src/kubernetes/KubeHelper.cc:216:1: warning: control reaches end of non-void function [-Wreturn-type]
#35 2.699   216 | }
#35 2.699       | ^
#35 2.856 Note: Property.java uses or overrides a deprecated API.
#35 2.856 Note: Recompile with -Xlint:deprecation for details.
#35 2.865 In file included from /vdms/src/pmgd/util/../include/pmgd.h:38,
#35 2.865                  from util/scanner.l:34:
#35 2.865 /vdms/src/pmgd/util/../include/property.h: In constructor 'PMGD::Time::Time()':
#35 2.865 /vdms/src/pmgd/util/../include/property.h:70:24: warning: 'void* memset(void*, int, size_t)' clearing an object of non-trivial type 'struct PMGD::Time'; use assignment or value-initialization instead [-Wclass-memaccess]
#35 2.865    70 |         Time() { memset(this, 0, sizeof(Time)); }
#35 2.865       |                  ~~~~~~^~~~~~~~~~~~~~~~~~~~~~~
#35 2.865 /vdms/src/pmgd/util/../include/property.h:45:12: note: 'struct PMGD::Time' declared here
#35 2.865    45 |     struct Time {
#35 2.865       |            ^~~~
#35 2.878 cd /vdms/src/pmgd/java && /usr/local/bin/cmake -E touch /vdms/build/src/pmgd/java/CMakeFiles/PropertyHeader.dir/java_compiled_PropertyHeader
#35 2.889 [ 15%] Linking CXX shared library libvdms-utils.so
#35 2.889 [ 15%] Building CXX object src/pmgd/util/CMakeFiles/pmgd-util.dir/text.cc.o
#35 2.889 [ 15%] Generating CMakeFiles/PropertyHeader.dir/java_class_filelist
#35 2.890 cd /vdms/build/utils && /usr/local/bin/cmake -E cmake_link_script CMakeFiles/vdms-utils.dir/link.txt --verbose=1
#35 2.890 cd /vdms/build/src/pmgd/util && /usr/bin/c++ -Dpmgd_util_EXPORTS -I/vdms/build -I/vdms/src/pmgd/util/../include -Wall -std=c++14 -fPIC -g -fPIC -std=c++17 -MD -MT src/pmgd/util/CMakeFiles/pmgd-util.dir/text.cc.o -MF CMakeFiles/pmgd-util.dir/text.cc.o.d -o CMakeFiles/pmgd-util.dir/text.cc.o -c /vdms/src/pmgd/util/text.cc
#35 2.890 cd /vdms/src/pmgd/java && /usr/local/bin/cmake -DCMAKE_JAVA_CLASS_OUTPUT_PATH=/vdms/build/src/pmgd/java/CMakeFiles/PropertyHeader.dir -DCMAKE_JAR_CLASSES_PREFIX= -P /usr/local/share/cmake-3.28/Modules/UseJava/ClassFilelist.cmake
#35 2.895 /usr/bin/c++ -fPIC  -Wall -shared -Wl,-soname,libvdms-utils.so -o libvdms-utils.so "CMakeFiles/vdms-utils.dir/src/timers/TimerMap.cc.o" "CMakeFiles/vdms-utils.dir/src/comm/ConnClient.cc.o" "CMakeFiles/vdms-utils.dir/src/comm/Connection.cc.o" "CMakeFiles/vdms-utils.dir/src/comm/Exception.cc.o" "CMakeFiles/vdms-utils.dir/src/comm/ConnServer.cc.o" "CMakeFiles/vdms-utils.dir/src/stats/SystemStats.cc.o" "CMakeFiles/vdms-utils.dir/src/kubernetes/KubeHelper.cc.o"  -lkubernetes 
#35 2.901 [ 15%] Creating Java archive PropertyHeader.jar
#35 2.902 cd /vdms/build/src/pmgd/java/CMakeFiles/PropertyHeader.dir && /usr/bin/jar -cf /vdms/build/src/pmgd/java/PropertyHeader.jar @java_class_filelist
#35 2.915 Note: PropertyIterator.java uses or overrides a deprecated API.
#35 2.915 Note: Recompile with -Xlint:deprecation for details.
#35 2.935 cd /vdms/src/pmgd/java && /usr/local/bin/cmake -E touch /vdms/build/src/pmgd/java/CMakeFiles/PropertyIteratorHeader.dir/java_compiled_PropertyIteratorHeader
#35 2.945 [ 15%] Generating CMakeFiles/PropertyIteratorHeader.dir/java_class_filelist
#35 2.946 cd /vdms/src/pmgd/java && /usr/local/bin/cmake -DCMAKE_JAVA_CLASS_OUTPUT_PATH=/vdms/build/src/pmgd/java/CMakeFiles/PropertyIteratorHeader.dir -DCMAKE_JAR_CLASSES_PREFIX= -P /usr/local/share/cmake-3.28/Modules/UseJava/ClassFilelist.cmake
#35 2.957 [ 15%] Creating Java archive PropertyIteratorHeader.jar
#35 2.957 cd /vdms/build/src/pmgd/java/CMakeFiles/PropertyIteratorHeader.dir && /usr/bin/jar -cf /vdms/build/src/pmgd/java/PropertyIteratorHeader.jar @java_class_filelist
#35 2.995 make[2]: Leaving directory '/vdms/build'
#35 3.001 [ 15%] Built target vdms-utils
#35 3.001 make  -f src/pmgd/java/CMakeFiles/NodeHeader.dir/build.make src/pmgd/java/CMakeFiles/NodeHeader.dir/depend
#35 3.003 make[2]: Entering directory '/vdms/build'
#35 3.003 cd /vdms/build && /usr/local/bin/cmake -E cmake_depends "Unix Makefiles" /vdms /vdms/src/pmgd/java /vdms/build /vdms/build/src/pmgd/java /vdms/build/src/pmgd/java/CMakeFiles/NodeHeader.dir/DependInfo.cmake "--color="
#35 3.009 cd /vdms/build/src/pmgd/java/CMakeFiles/PropertyHeader.dir && /usr/local/bin/cmake -D_JAVA_TARGET_DIR=/vdms/build/src/pmgd/java -D_JAVA_TARGET_OUTPUT_NAME=PropertyHeader.jar -D_JAVA_TARGET_OUTPUT_LINK= -P /usr/local/share/cmake-3.28/Modules/UseJava/Symlinks.cmake
#35 3.009 make[2]: Leaving directory '/vdms/build'
#35 3.009 make  -f src/pmgd/java/CMakeFiles/NodeHeader.dir/build.make src/pmgd/java/CMakeFiles/NodeHeader.dir/build
#35 3.011 make[2]: Entering directory '/vdms/build'
#35 3.015 make[2]: Leaving directory '/vdms/build'
#35 3.015 [ 16%] Building Java objects for NodeHeader.jar
#35 3.016 cd /vdms/src/pmgd/java && /usr/local/bin/cmake -DCMAKE_JAVA_CLASS_OUTPUT_PATH=/vdms/build/src/pmgd/java/CMakeFiles/NodeHeader.dir -DCMAKE_JAR_CLASSES_PREFIX= -P /usr/local/share/cmake-3.28/Modules/UseJava/ClearClassFiles.cmake
#35 3.020 [ 17%] Built target PropertyHeader
#35 3.020 make  -f src/pmgd/java/CMakeFiles/NodeIteratorHeader.dir/build.make src/pmgd/java/CMakeFiles/NodeIteratorHeader.dir/depend
#35 3.021 cd /vdms/src/pmgd/java && /usr/bin/javac -classpath :/vdms/src/pmgd/java:/vdms/build/src/pmgd/java:/vdms/build/src/pmgd/java/pmgd-jar.jar -d /vdms/build/src/pmgd/java/CMakeFiles/NodeHeader.dir -h /vdms/build/src/pmgd/java @/vdms/build/src/pmgd/java/CMakeFiles/NodeHeader.dir/java_sources
#35 3.022 make[2]: Entering directory '/vdms/build'
#35 3.022 cd /vdms/build && /usr/local/bin/cmake -E cmake_depends "Unix Makefiles" /vdms /vdms/src/pmgd/java /vdms/build /vdms/build/src/pmgd/java /vdms/build/src/pmgd/java/CMakeFiles/NodeIteratorHeader.dir/DependInfo.cmake "--color="
#35 3.027 make[2]: Leaving directory '/vdms/build'
#35 3.027 make  -f src/pmgd/java/CMakeFiles/NodeIteratorHeader.dir/build.make src/pmgd/java/CMakeFiles/NodeIteratorHeader.dir/build
#35 3.029 make[2]: Entering directory '/vdms/build'
#35 3.034 [ 18%] Building Java objects for NodeIteratorHeader.jar
#35 3.034 cd /vdms/src/pmgd/java && /usr/local/bin/cmake -DCMAKE_JAVA_CLASS_OUTPUT_PATH=/vdms/build/src/pmgd/java/CMakeFiles/NodeIteratorHeader.dir -DCMAKE_JAR_CLASSES_PREFIX= -P /usr/local/share/cmake-3.28/Modules/UseJava/ClearClassFiles.cmake
#35 3.040 cd /vdms/src/pmgd/java && /usr/bin/javac -classpath :/vdms/src/pmgd/java:/vdms/build/src/pmgd/java:/vdms/build/src/pmgd/java/pmgd-jar.jar -d /vdms/build/src/pmgd/java/CMakeFiles/NodeIteratorHeader.dir -h /vdms/build/src/pmgd/java @/vdms/build/src/pmgd/java/CMakeFiles/NodeIteratorHeader.dir/java_sources
#35 3.067 cd /vdms/build/src/pmgd/java/CMakeFiles/PropertyIteratorHeader.dir && /usr/local/bin/cmake -D_JAVA_TARGET_DIR=/vdms/build/src/pmgd/java -D_JAVA_TARGET_OUTPUT_NAME=PropertyIteratorHeader.jar -D_JAVA_TARGET_OUTPUT_LINK= -P /usr/local/share/cmake-3.28/Modules/UseJava/Symlinks.cmake
#35 3.073 make[2]: Leaving directory '/vdms/build'
#35 3.079 [ 19%] Built target PropertyIteratorHeader
#35 3.080 make  -f src/pmgd/java/CMakeFiles/EdgeHeader.dir/build.make src/pmgd/java/CMakeFiles/EdgeHeader.dir/depend
#35 3.081 make[2]: Entering directory '/vdms/build'
#35 3.081 cd /vdms/build && /usr/local/bin/cmake -E cmake_depends "Unix Makefiles" /vdms /vdms/src/pmgd/java /vdms/build /vdms/build/src/pmgd/java /vdms/build/src/pmgd/java/CMakeFiles/EdgeHeader.dir/DependInfo.cmake "--color="
#35 3.087 make[2]: Leaving directory '/vdms/build'
#35 3.088 make  -f src/pmgd/java/CMakeFiles/EdgeHeader.dir/build.make src/pmgd/java/CMakeFiles/EdgeHeader.dir/build
#35 3.089 make[2]: Entering directory '/vdms/build'
#35 3.094 [ 20%] Building Java objects for EdgeHeader.jar
#35 3.095 cd /vdms/src/pmgd/java && /usr/local/bin/cmake -DCMAKE_JAVA_CLASS_OUTPUT_PATH=/vdms/build/src/pmgd/java/CMakeFiles/EdgeHeader.dir -DCMAKE_JAR_CLASSES_PREFIX= -P /usr/local/share/cmake-3.28/Modules/UseJava/ClearClassFiles.cmake
#35 3.097 In file included from /vdms/src/pmgd/util/../include/pmgd.h:38,
#35 3.097                  from /vdms/src/pmgd/util/text.cc:32:
#35 3.097 /vdms/src/pmgd/util/../include/property.h: In constructor 'PMGD::Time::Time()':
#35 3.097 /vdms/src/pmgd/util/../include/property.h:70:24: warning: 'void* memset(void*, int, size_t)' clearing an object of non-trivial type 'struct PMGD::Time'; use assignment or value-initialization instead [-Wclass-memaccess]
#35 3.097    70 |         Time() { memset(this, 0, sizeof(Time)); }
#35 3.097       |                  ~~~~~~^~~~~~~~~~~~~~~~~~~~~~~
#35 3.097 /vdms/src/pmgd/util/../include/property.h:45:12: note: 'struct PMGD::Time' declared here
#35 3.097    45 |     struct Time {
#35 3.097       |            ^~~~
#35 3.101 cd /vdms/src/pmgd/java && /usr/bin/javac -classpath :/vdms/src/pmgd/java:/vdms/build/src/pmgd/java:/vdms/build/src/pmgd/java/pmgd-jar.jar -d /vdms/build/src/pmgd/java/CMakeFiles/EdgeHeader.dir -h /vdms/build/src/pmgd/java @/vdms/build/src/pmgd/java/CMakeFiles/EdgeHeader.dir/java_sources
#35 3.103 In file included from /vdms/src/pmgd/src/../include/iterator.h:36,
#35 3.103                  from /vdms/src/pmgd/src/../include/graph.h:34,
#35 3.103                  from /vdms/src/pmgd/src/GraphConfig.h:35,
#35 3.103                  from /vdms/src/pmgd/src/TransactionManager.h:38,
#35 3.103                  from /vdms/src/pmgd/src/TransactionImpl.h:37,
#35 3.103                  from /vdms/src/pmgd/src/Allocator.h:36,
#35 3.103                  from /vdms/src/pmgd/src/AvlTree.h:33,
#35 3.103                  from /vdms/src/pmgd/src/AvlTree.cc:31:
#35 3.103 /vdms/src/pmgd/src/../include/property.h: In constructor 'PMGD::Time::Time()':
#35 3.103 /vdms/src/pmgd/src/../include/property.h:70:24: warning: 'void* memset(void*, int, size_t)' clearing an object of non-trivial type 'struct PMGD::Time'; use assignment or value-initialization instead [-Wclass-memaccess]
#35 3.103    70 |         Time() { memset(this, 0, sizeof(Time)); }
#35 3.103       |                  ~~~~~~^~~~~~~~~~~~~~~~~~~~~~~
#35 3.103 /vdms/src/pmgd/src/../include/property.h:45:12: note: 'struct PMGD::Time' declared here
#35 3.103    45 |     struct Time {
#35 3.103       |            ^~~~
#35 3.240 make  -f src/pmgd/java/CMakeFiles/EdgeIteratorHeader.dir/build.make src/pmgd/java/CMakeFiles/EdgeIteratorHeader.dir/depend
#35 3.242 make[2]: Entering directory '/vdms/build'
#35 3.242 cd /vdms/build && /usr/local/bin/cmake -E cmake_depends "Unix Makefiles" /vdms /vdms/src/pmgd/java /vdms/build /vdms/build/src/pmgd/java /vdms/build/src/pmgd/java/CMakeFiles/EdgeIteratorHeader.dir/DependInfo.cmake "--color="
#35 3.248 make[2]: Leaving directory '/vdms/build'
#35 3.248 make  -f src/pmgd/java/CMakeFiles/EdgeIteratorHeader.dir/build.make src/pmgd/java/CMakeFiles/EdgeIteratorHeader.dir/build
#35 3.250 make[2]: Entering directory '/vdms/build'
#35 3.255 [ 21%] Building Java objects for EdgeIteratorHeader.jar
#35 3.255 cd /vdms/src/pmgd/java && /usr/local/bin/cmake -DCMAKE_JAVA_CLASS_OUTPUT_PATH=/vdms/build/src/pmgd/java/CMakeFiles/EdgeIteratorHeader.dir -DCMAKE_JAR_CLASSES_PREFIX= -P /usr/local/share/cmake-3.28/Modules/UseJava/ClearClassFiles.cmake
#35 3.262 cd /vdms/src/pmgd/java && /usr/bin/javac -classpath :/vdms/src/pmgd/java:/vdms/build/src/pmgd/java:/vdms/build/src/pmgd/java/pmgd-jar.jar -d /vdms/build/src/pmgd/java/CMakeFiles/EdgeIteratorHeader.dir -h /vdms/build/src/pmgd/java @/vdms/build/src/pmgd/java/CMakeFiles/EdgeIteratorHeader.dir/java_sources
#35 3.394 In file included from /vdms/src/vcl/DescriptorSetData.cc:36:
#35 3.394 /vdms/src/vcl/DescriptorSetData.h: In member function 'virtual long int VCL::DescriptorSet::DescriptorSetData::add_and_store(float*, unsigned int, long int*)':
#35 3.394 /vdms/src/vcl/DescriptorSetData.h:153:37: warning: unused parameter 'descriptors' [-Wunused-parameter]
#35 3.394   153 |   virtual long add_and_store(float *descriptors, unsigned n_descriptors,
#35 3.394       |                              ~~~~~~~^~~~~~~~~~~
#35 3.394 /vdms/src/vcl/DescriptorSetData.h:153:59: warning: unused parameter 'n_descriptors' [-Wunused-parameter]
#35 3.394   153 |   virtual long add_and_store(float *descriptors, unsigned n_descriptors,
#35 3.394       |                                                  ~~~~~~~~~^~~~~~~~~~~~~
#35 3.394 /vdms/src/vcl/DescriptorSetData.h:154:36: warning: unused parameter 'labels' [-Wunused-parameter]
#35 3.394   154 |                              long *labels = NULL) {
#35 3.394       |                                    ^
#35 3.394 /vdms/src/vcl/DescriptorSetData.h: In member function 'virtual void VCL::DescriptorSet::DescriptorSetData::search(float*, unsigned int, unsigned int, long int*)':
#35 3.394 /vdms/src/vcl/DescriptorSetData.h:171:30: warning: unused parameter 'query' [-Wunused-parameter]
#35 3.394   171 |   virtual void search(float *query, unsigned n, unsigned k, long *descriptors) {
#35 3.394       |                       ~~~~~~~^~~~~
#35 3.394 /vdms/src/vcl/DescriptorSetData.h:171:46: warning: unused parameter 'n' [-Wunused-parameter]
#35 3.394   171 |   virtual void search(float *query, unsigned n, unsigned k, long *descriptors) {
#35 3.394       |                                     ~~~~~~~~~^
#35 3.394 /vdms/src/vcl/DescriptorSetData.h:171:58: warning: unused parameter 'k' [-Wunused-parameter]
#35 3.394   171 |   virtual void search(float *query, unsigned n, unsigned k, long *descriptors) {
#35 3.394       |                                                 ~~~~~~~~~^
#35 3.394 /vdms/src/vcl/DescriptorSetData.h:171:67: warning: unused parameter 'descriptors' [-Wunused-parameter]
#35 3.394   171 |   virtual void search(float *query, unsigned n, unsigned k, long *descriptors) {
#35 3.394       |                                                             ~~~~~~^~~~~~~~~~~
#35 3.394 /vdms/src/vcl/DescriptorSetData.h: In member function 'virtual void VCL::DescriptorSet::DescriptorSetData::train(float*, unsigned int)':
#35 3.394 /vdms/src/vcl/DescriptorSetData.h:228:29: warning: unused parameter 'descriptors' [-Wunused-parameter]
#35 3.394   228 |   virtual void train(float *descriptors, unsigned n) { train(); }
#35 3.394       |                      ~~~~~~~^~~~~~~~~~~
#35 3.394 /vdms/src/vcl/DescriptorSetData.h:228:51: warning: unused parameter 'n' [-Wunused-parameter]
#35 3.394   228 |   virtual void train(float *descriptors, unsigned n) { train(); }
#35 3.394       |                                          ~~~~~~~~~^
#35 3.398 /vdms/src/vcl/DescriptorSetData.cc: In member function 'virtual void VCL::DescriptorSet::DescriptorSetData::radius_search(float*, float, long int*, float*)':
#35 3.398 /vdms/src/vcl/DescriptorSetData.cc:64:61: warning: unused parameter 'query' [-Wunused-parameter]
#35 3.398    64 | void DescriptorSet::DescriptorSetData::radius_search(float *query, float radius,
#35 3.398       |                                                      ~~~~~~~^~~~~
#35 3.398 /vdms/src/vcl/DescriptorSetData.cc:64:74: warning: unused parameter 'radius' [-Wunused-parameter]
#35 3.398    64 | void DescriptorSet::DescriptorSetData::radius_search(float *query, float radius,
#35 3.398       |                                                                    ~~~~~~^~~~~~
#35 3.398 /vdms/src/vcl/DescriptorSetData.cc:65:60: warning: unused parameter 'descriptors' [-Wunused-parameter]
#35 3.398    65 |                                                      long *descriptors,
#35 3.398       |                                                      ~~~~~~^~~~~~~~~~~
#35 3.398 /vdms/src/vcl/DescriptorSetData.cc:66:61: warning: unused parameter 'distances' [-Wunused-parameter]
#35 3.398    66 |                                                      float *distances) {
#35 3.398       |                                                      ~~~~~~~^~~~~~~~~
#35 3.400 [ 21%] Building CXX object src/pmgd/src/CMakeFiles/pmgd.dir/ChunkAllocator.cc.o
#35 3.400 cd /vdms/build/src/pmgd/src && /usr/bin/c++ -DCOMMIT_ID=\"632192f\" -Dpmgd_EXPORTS -I/vdms/build -I/vdms/src/pmgd/src/../include -Wall -std=c++14 -fPIC -g -fPIC -std=c++17 -MD -MT src/pmgd/src/CMakeFiles/pmgd.dir/ChunkAllocator.cc.o -MF CMakeFiles/pmgd.dir/ChunkAllocator.cc.o.d -o CMakeFiles/pmgd.dir/ChunkAllocator.cc.o -c /vdms/src/pmgd/src/ChunkAllocator.cc
#35 3.402 /vdms/src/vcl/DescriptorSetData.cc: In member function 'std::vector<std::__cxx11::basic_string<char>, std::allocator<std::__cxx11::basic_string<char> > > VCL::DescriptorSet::DescriptorSetData::get_str_labels(long int*, unsigned int)':
#35 3.402 /vdms/src/vcl/DescriptorSetData.cc:87:21: warning: comparison of integer expressions of different signedness: 'int' and 'unsigned int' [-Wsign-compare]
#35 3.402    87 |   for (int i = 0; i < n; ++i) {
#35 3.402       |                   ~~^~~
#35 3.402 In file included from /usr/include/c++/12/cassert:44,
#35 3.402                  from /usr/local/include/aws/crt/StringView.h:12,
#35 3.402                  from /usr/local/include/aws/crt/Types.h:10,
#35 3.402                  from /usr/local/include/aws/crt/DateTime.h:8,
#35 3.402                  from /usr/local/include/aws/crt/auth/Sigv4Signing.h:9,
#35 3.402                  from /usr/local/include/aws/core/auth/signer/AWSAuthV4Signer.h:19,
#35 3.402                  from /usr/local/include/aws/core/auth/AWSAuthSigner.h:11,
#35 3.402                  from /usr/local/include/aws/core/AmazonWebServiceRequest.h:11,
#35 3.402                  from /usr/local/include/aws/core/client/AWSUrlPresigner.h:9,
#35 3.402                  from /usr/local/include/aws/core/client/AWSClient.h:12,
#35 3.402                  from /usr/local/include/aws/core/monitoring/MonitoringManager.h:11,
#35 3.402                  from /usr/local/include/aws/core/Aws.h:13,
#35 3.402                  from /vdms/src/vcl/../../include/vcl/RemoteConnection.h:41,
#35 3.402                  from /vdms/src/vcl/../../include/vcl/DescriptorSet.h:39,
#35 3.402                  from /vdms/src/vcl/DescriptorSetData.h:48:
#35 3.402 /vdms/src/vcl/DescriptorSetData.cc:88:22: warning: comparison of integer expressions of different signedness: '__gnu_cxx::__alloc_traits<std::allocator<long int>, long int>::value_type' {aka 'long int'} and 'std::map<long int, std::__cxx11::basic_string<char> >::size_type' {aka 'long unsigned int'} [-Wsign-compare]
#35 3.402    88 |     assert(labels[i] < _labels_map.size());
#35 3.499 make  -f src/pmgd/java/CMakeFiles/TransactionHeader.dir/build.make src/pmgd/java/CMakeFiles/TransactionHeader.dir/depend
#35 3.501 make[2]: Entering directory '/vdms/build'
#35 3.501 cd /vdms/build && /usr/local/bin/cmake -E cmake_depends "Unix Makefiles" /vdms /vdms/src/pmgd/java /vdms/build /vdms/build/src/pmgd/java /vdms/build/src/pmgd/java/CMakeFiles/TransactionHeader.dir/DependInfo.cmake "--color="
#35 3.507 make[2]: Leaving directory '/vdms/build'
#35 3.507 make  -f src/pmgd/java/CMakeFiles/TransactionHeader.dir/build.make src/pmgd/java/CMakeFiles/TransactionHeader.dir/build
#35 3.509 make[2]: Entering directory '/vdms/build'
#35 3.514 [ 22%] Building Java objects for TransactionHeader.jar
#35 3.515 cd /vdms/src/pmgd/java && /usr/local/bin/cmake -DCMAKE_JAVA_CLASS_OUTPUT_PATH=/vdms/build/src/pmgd/java/CMakeFiles/TransactionHeader.dir -DCMAKE_JAR_CLASSES_PREFIX= -P /usr/local/share/cmake-3.28/Modules/UseJava/ClearClassFiles.cmake
#35 3.519 Note: NodeIterator.java uses or overrides a deprecated API.
#35 3.519 Note: Recompile with -Xlint:deprecation for details.
#35 3.521 cd /vdms/src/pmgd/java && /usr/bin/javac -classpath :/vdms/src/pmgd/java:/vdms/build/src/pmgd/java:/vdms/build/src/pmgd/java/pmgd-jar.jar -d /vdms/build/src/pmgd/java/CMakeFiles/TransactionHeader.dir -h /vdms/build/src/pmgd/java @/vdms/build/src/pmgd/java/CMakeFiles/TransactionHeader.dir/java_sources
#35 3.524 [ 22%] Linking CXX shared library libpmgd-util.so
#35 3.524 cd /vdms/build/src/pmgd/util && /usr/local/bin/cmake -E cmake_link_script CMakeFiles/pmgd-util.dir/link.txt --verbose=1
#35 3.529 /usr/bin/c++ -fPIC  -Wall -shared -Wl,-soname,libpmgd-util.so -o libpmgd-util.so "CMakeFiles/pmgd-util.dir/dump_debug.cc.o" "CMakeFiles/pmgd-util.dir/dump_gexf.cc.o" "CMakeFiles/pmgd-util.dir/dump_pmgd.cc.o" "CMakeFiles/pmgd-util.dir/exception.cc.o" "CMakeFiles/pmgd-util.dir/loader.cc.o" "CMakeFiles/pmgd-util.dir/load_gson.cc.o" "CMakeFiles/pmgd-util.dir/load_tsv.cc.o" "CMakeFiles/pmgd-util.dir/neighbor.cc.o" "CMakeFiles/pmgd-util.dir/scanner.cc.o" "CMakeFiles/pmgd-util.dir/text.cc.o" 
#35 3.542 cd /vdms/src/pmgd/java && /usr/local/bin/cmake -E touch /vdms/build/src/pmgd/java/CMakeFiles/NodeIteratorHeader.dir/java_compiled_NodeIteratorHeader
#35 3.545 In file included from /vdms/src/vcl/DescriptorSet.cc:39:
#35 3.545 /vdms/src/vcl/DescriptorSetData.h: In member function 'virtual long int VCL::DescriptorSet::DescriptorSetData::add_and_store(float*, unsigned int, long int*)':
#35 3.545 /vdms/src/vcl/DescriptorSetData.h:153:37: warning: unused parameter 'descriptors' [-Wunused-parameter]
#35 3.545   153 |   virtual long add_and_store(float *descriptors, unsigned n_descriptors,
#35 3.545       |                              ~~~~~~~^~~~~~~~~~~
#35 3.545 /vdms/src/vcl/DescriptorSetData.h:153:59: warning: unused parameter 'n_descriptors' [-Wunused-parameter]
#35 3.545   153 |   virtual long add_and_store(float *descriptors, unsigned n_descriptors,
#35 3.545       |                                                  ~~~~~~~~~^~~~~~~~~~~~~
#35 3.545 /vdms/src/vcl/DescriptorSetData.h:154:36: warning: unused parameter 'labels' [-Wunused-parameter]
#35 3.545   154 |                              long *labels = NULL) {
#35 3.545       |                                    ^
#35 3.545 /vdms/src/vcl/DescriptorSetData.h: In member function 'virtual void VCL::DescriptorSet::DescriptorSetData::search(float*, unsigned int, unsigned int, long int*)':
#35 3.545 /vdms/src/vcl/DescriptorSetData.h:171:30: warning: unused parameter 'query' [-Wunused-parameter]
#35 3.545   171 |   virtual void search(float *query, unsigned n, unsigned k, long *descriptors) {
#35 3.545       |                       ~~~~~~~^~~~~
#35 3.545 /vdms/src/vcl/DescriptorSetData.h:171:46: warning: unused parameter 'n' [-Wunused-parameter]
#35 3.545   171 |   virtual void search(float *query, unsigned n, unsigned k, long *descriptors) {
#35 3.545       |                                     ~~~~~~~~~^
#35 3.545 /vdms/src/vcl/DescriptorSetData.h:171:58: warning: unused parameter 'k' [-Wunused-parameter]
#35 3.545   171 |   virtual void search(float *query, unsigned n, unsigned k, long *descriptors) {
#35 3.545       |                                                 ~~~~~~~~~^
#35 3.545 /vdms/src/vcl/DescriptorSetData.h:171:67: warning: unused parameter 'descriptors' [-Wunused-parameter]
#35 3.545   171 |   virtual void search(float *query, unsigned n, unsigned k, long *descriptors) {
#35 3.545       |                                                             ~~~~~~^~~~~~~~~~~
#35 3.545 /vdms/src/vcl/DescriptorSetData.h: In member function 'virtual void VCL::DescriptorSet::DescriptorSetData::train(float*, unsigned int)':
#35 3.545 /vdms/src/vcl/DescriptorSetData.h:228:29: warning: unused parameter 'descriptors' [-Wunused-parameter]
#35 3.545   228 |   virtual void train(float *descriptors, unsigned n) { train(); }
#35 3.545       |                      ~~~~~~~^~~~~~~~~~~
#35 3.545 /vdms/src/vcl/DescriptorSetData.h:228:51: warning: unused parameter 'n' [-Wunused-parameter]
#35 3.545   228 |   virtual void train(float *descriptors, unsigned n) { train(); }
#35 3.545       |                                          ~~~~~~~~~^
#35 3.553 [ 22%] Generating CMakeFiles/NodeIteratorHeader.dir/java_class_filelist
#35 3.554 cd /vdms/src/pmgd/java && /usr/local/bin/cmake -DCMAKE_JAVA_CLASS_OUTPUT_PATH=/vdms/build/src/pmgd/java/CMakeFiles/NodeIteratorHeader.dir -DCMAKE_JAR_CLASSES_PREFIX= -P /usr/local/share/cmake-3.28/Modules/UseJava/ClassFilelist.cmake
#35 3.565 [ 22%] Creating Java archive NodeIteratorHeader.jar
#35 3.566 cd /vdms/build/src/pmgd/java/CMakeFiles/NodeIteratorHeader.dir && /usr/bin/jar -cf /vdms/build/src/pmgd/java/NodeIteratorHeader.jar @java_class_filelist
#35 3.586 cd /vdms/src/pmgd/java && /usr/local/bin/cmake -E touch /vdms/build/src/pmgd/java/CMakeFiles/EdgeHeader.dir/java_compiled_EdgeHeader
#35 3.595 cd /vdms/src/pmgd/java && /usr/local/bin/cmake -E touch /vdms/build/src/pmgd/java/CMakeFiles/NodeHeader.dir/java_compiled_NodeHeader
#35 3.596 [ 22%] Generating CMakeFiles/EdgeHeader.dir/java_class_filelist
#35 3.597 cd /vdms/src/pmgd/java && /usr/local/bin/cmake -DCMAKE_JAVA_CLASS_OUTPUT_PATH=/vdms/build/src/pmgd/java/CMakeFiles/EdgeHeader.dir -DCMAKE_JAR_CLASSES_PREFIX= -P /usr/local/share/cmake-3.28/Modules/UseJava/ClassFilelist.cmake
#35 3.606 [ 22%] Generating CMakeFiles/NodeHeader.dir/java_class_filelist
#35 3.606 cd /vdms/src/pmgd/java && /usr/local/bin/cmake -DCMAKE_JAVA_CLASS_OUTPUT_PATH=/vdms/build/src/pmgd/java/CMakeFiles/NodeHeader.dir -DCMAKE_JAR_CLASSES_PREFIX= -P /usr/local/share/cmake-3.28/Modules/UseJava/ClassFilelist.cmake
#35 3.608 [ 22%] Creating Java archive EdgeHeader.jar
#35 3.609 cd /vdms/build/src/pmgd/java/CMakeFiles/EdgeHeader.dir && /usr/bin/jar -cf /vdms/build/src/pmgd/java/EdgeHeader.jar @java_class_filelist
#35 3.618 [ 22%] Creating Java archive NodeHeader.jar
#35 3.619 cd /vdms/build/src/pmgd/java/CMakeFiles/NodeHeader.dir && /usr/bin/jar -cf /vdms/build/src/pmgd/java/NodeHeader.jar @java_class_filelist
#35 3.655 /vdms/src/pmgd/src/AvlTree.cc: In instantiation of 'PMGD::AvlTree<K, V>::TreeNode* PMGD::AvlTree<K, V>::add_recursive(TreeNode*, const K&, V*&, PMGD::Allocator&, PMGD::TransactionImpl*, bool&) [with K = int; V = int]':
#35 3.655 /vdms/src/pmgd/src/AvlTree.cc:765:16:   required from here
#35 3.655 /vdms/src/pmgd/src/AvlTree.cc:337:20: warning: comparison of integer expressions of different signedness: 'uint32_t' {aka 'unsigned int'} and 'int' [-Wsign-compare]
#35 3.655   337 |     if (new_height != curr->height) {
#35 3.655       |         ~~~~~~~~~~~^~~~~~~~~~~~~~~
#35 3.655 /vdms/src/pmgd/src/AvlTree.cc: In instantiation of 'PMGD::AvlTree<K, V>::TreeNode* PMGD::AvlTree<K, V>::remove_recursive(TreeNode*, const K&, PMGD::Allocator&, PMGD::TransactionImpl*, bool&) [with K = int; V = int]':
#35 3.655 /vdms/src/pmgd/src/AvlTree.cc:765:16:   required from here
#35 3.655 /vdms/src/pmgd/src/AvlTree.cc:663:20: warning: comparison of integer expressions of different signedness: 'uint32_t' {aka 'unsigned int'} and 'int' [-Wsign-compare]
#35 3.655   663 |     if (new_height != curr->height) {
#35 3.655       |         ~~~~~~~~~~~^~~~~~~~~~~~~~~
#35 3.658 make[2]: Leaving directory '/vdms/build'
#35 3.664 [ 22%] Built target pmgd-util
#35 3.665 /vdms/src/pmgd/src/AvlTree.cc: In instantiation of 'PMGD::AvlTree<K, V>::TreeNode* PMGD::AvlTree<K, V>::add_recursive(TreeNode*, const K&, V*&, PMGD::Allocator&, PMGD::TransactionImpl*, bool&) [with K = long long int; V = PMGD::List<void*>]':
#35 3.665 /vdms/src/pmgd/src/AvlTree.cc:766:16:   required from here
#35 3.665 /vdms/src/pmgd/src/AvlTree.cc:337:20: warning: comparison of integer expressions of different signedness: 'uint32_t' {aka 'unsigned int'} and 'int' [-Wsign-compare]
#35 3.665   337 |     if (new_height != curr->height) {
#35 3.665       |         ~~~~~~~~~~~^~~~~~~~~~~~~~~
#35 3.665 make  -f src/pmgd/java/CMakeFiles/GraphHeader.dir/build.make src/pmgd/java/CMakeFiles/GraphHeader.dir/depend
#35 3.665 /vdms/src/pmgd/src/AvlTree.cc: In instantiation of 'PMGD::AvlTree<K, V>::TreeNode* PMGD::AvlTree<K, V>::remove_recursive(TreeNode*, const K&, PMGD::Allocator&, PMGD::TransactionImpl*, bool&) [with K = long long int; V = PMGD::List<void*>]':
#35 3.665 /vdms/src/pmgd/src/AvlTree.cc:766:16:   required from here
#35 3.665 /vdms/src/pmgd/src/AvlTree.cc:663:20: warning: comparison of integer expressions of different signedness: 'uint32_t' {aka 'unsigned int'} and 'int' [-Wsign-compare]
#35 3.665   663 |     if (new_height != curr->height) {
#35 3.665       |         ~~~~~~~~~~~^~~~~~~~~~~~~~~
#35 3.666 make[2]: Entering directory '/vdms/build'
#35 3.666 cd /vdms/build && /usr/local/bin/cmake -E cmake_depends "Unix Makefiles" /vdms /vdms/src/pmgd/java /vdms/build /vdms/build/src/pmgd/java /vdms/build/src/pmgd/java/CMakeFiles/GraphHeader.dir/DependInfo.cmake "--color="
#35 3.672 make[2]: Leaving directory '/vdms/build'
#35 3.672 make  -f src/pmgd/java/CMakeFiles/GraphHeader.dir/build.make src/pmgd/java/CMakeFiles/GraphHeader.dir/build
#35 3.674 make[2]: Entering directory '/vdms/build'
#35 3.674 cd /vdms/build/src/pmgd/java/CMakeFiles/NodeIteratorHeader.dir && /usr/local/bin/cmake -D_JAVA_TARGET_DIR=/vdms/build/src/pmgd/java -D_JAVA_TARGET_OUTPUT_NAME=NodeIteratorHeader.jar -D_JAVA_TARGET_OUTPUT_LINK= -P /usr/local/share/cmake-3.28/Modules/UseJava/Symlinks.cmake
#35 3.674 /vdms/src/pmgd/src/AvlTree.cc: In instantiation of 'PMGD::AvlTree<K, V>::TreeNode* PMGD::AvlTree<K, V>::add_recursive(TreeNode*, const K&, V*&, PMGD::Allocator&, PMGD::TransactionImpl*, bool&) [with K = bool; V = PMGD::List<void*>]':
#35 3.674 /vdms/src/pmgd/src/AvlTree.cc:767:16:   required from here
#35 3.674 /vdms/src/pmgd/src/AvlTree.cc:337:20: warning: comparison of integer expressions of different signedness: 'uint32_t' {aka 'unsigned int'} and 'int' [-Wsign-compare]
#35 3.674   337 |     if (new_height != curr->height) {
#35 3.674       |         ~~~~~~~~~~~^~~~~~~~~~~~~~~
#35 3.675 /vdms/src/pmgd/src/AvlTree.cc: In instantiation of 'PMGD::AvlTree<K, V>::TreeNode* PMGD::AvlTree<K, V>::remove_recursive(TreeNode*, const K&, PMGD::Allocator&, PMGD::TransactionImpl*, bool&) [with K = bool; V = PMGD::List<void*>]':
#35 3.675 /vdms/src/pmgd/src/AvlTree.cc:767:16:   required from here
#35 3.675 /vdms/src/pmgd/src/AvlTree.cc:663:20: warning: comparison of integer expressions of different signedness: 'uint32_t' {aka 'unsigned int'} and 'int' [-Wsign-compare]
#35 3.675   663 |     if (new_height != curr->height) {
#35 3.675       |         ~~~~~~~~~~~^~~~~~~~~~~~~~~
#35 3.679 [ 23%] Building Java objects for GraphHeader.jar
#35 3.679 cd /vdms/src/pmgd/java && /usr/local/bin/cmake -DCMAKE_JAVA_CLASS_OUTPUT_PATH=/vdms/build/src/pmgd/java/CMakeFiles/GraphHeader.dir -DCMAKE_JAR_CLASSES_PREFIX= -P /usr/local/share/cmake-3.28/Modules/UseJava/ClearClassFiles.cmake
#35 3.680 make[2]: Leaving directory '/vdms/build'
#35 3.684 /vdms/src/pmgd/src/AvlTree.cc: In instantiation of 'PMGD::AvlTree<K, V>::TreeNode* PMGD::AvlTree<K, V>::add_recursive(TreeNode*, const K&, V*&, PMGD::Allocator&, PMGD::TransactionImpl*, bool&) [with K = double; V = PMGD::List<void*>]':
#35 3.684 /vdms/src/pmgd/src/AvlTree.cc:768:16:   required from here
#35 3.684 /vdms/src/pmgd/src/AvlTree.cc:337:20: warning: comparison of integer expressions of different signedness: 'uint32_t' {aka 'unsigned int'} and 'int' [-Wsign-compare]
#35 3.684   337 |     if (new_height != curr->height) {
#35 3.684       |         ~~~~~~~~~~~^~~~~~~~~~~~~~~
#35 3.685 [ 24%] Built target NodeIteratorHeader
#35 3.685 /vdms/src/pmgd/src/AvlTree.cc: In instantiation of 'PMGD::AvlTree<K, V>::TreeNode* PMGD::AvlTree<K, V>::remove_recursive(TreeNode*, const K&, PMGD::Allocator&, PMGD::TransactionImpl*, bool&) [with K = double; V = PMGD::List<void*>]':
#35 3.685 /vdms/src/pmgd/src/AvlTree.cc:768:16:   required from here
#35 3.685 /vdms/src/pmgd/src/AvlTree.cc:663:20: warning: comparison of integer expressions of different signedness: 'uint32_t' {aka 'unsigned int'} and 'int' [-Wsign-compare]
#35 3.685   663 |     if (new_height != curr->height) {
#35 3.685       |         ~~~~~~~~~~~^~~~~~~~~~~~~~~
#35 3.685 cd /vdms/src/pmgd/java && /usr/bin/javac -classpath :/vdms/src/pmgd/java:/vdms/build/src/pmgd/java:/vdms/build/src/pmgd/java/pmgd-jar.jar -d /vdms/build/src/pmgd/java/CMakeFiles/GraphHeader.dir -h /vdms/build/src/pmgd/java @/vdms/build/src/pmgd/java/CMakeFiles/GraphHeader.dir/java_sources
#35 3.686 In file included from /vdms/src/vcl/FaissDescriptorSet.h:44,
#35 3.686                  from /vdms/src/vcl/FaissDescriptorSet.cc:39:
#35 3.686 /vdms/src/vcl/DescriptorSetData.h: In member function 'virtual long int VCL::DescriptorSet::DescriptorSetData::add_and_store(float*, unsigned int, long int*)':
#35 3.686 /vdms/src/vcl/DescriptorSetData.h:153:37: warning: unused parameter 'descriptors' [-Wunused-parameter]
#35 3.686   153 |   virtual long add_and_store(float *descriptors, unsigned n_descriptors,
#35 3.686       |                              ~~~~~~~^~~~~~~~~~~
#35 3.686 /vdms/src/vcl/DescriptorSetData.h:153:59: warning: unused parameter 'n_descriptors' [-Wunused-parameter]
#35 3.686   153 |   virtual long add_and_store(float *descriptors, unsigned n_descriptors,
#35 3.686       |                                                  ~~~~~~~~~^~~~~~~~~~~~~
#35 3.686 /vdms/src/vcl/DescriptorSetData.h:154:36: warning: unused parameter 'labels' [-Wunused-parameter]
#35 3.686   154 |                              long *labels = NULL) {
#35 3.686       |                                    ^
#35 3.686 /vdms/src/vcl/DescriptorSetData.h: In member function 'virtual void VCL::DescriptorSet::DescriptorSetData::search(float*, unsigned int, unsigned int, long int*)':
#35 3.686 /vdms/src/vcl/DescriptorSetData.h:171:30: warning: unused parameter 'query' [-Wunused-parameter]
#35 3.686   171 |   virtual void search(float *query, unsigned n, unsigned k, long *descriptors) {
#35 3.686       |                       ~~~~~~~^~~~~
#35 3.686 /vdms/src/vcl/DescriptorSetData.h:171:46: warning: unused parameter 'n' [-Wunused-parameter]
#35 3.686   171 |   virtual void search(float *query, unsigned n, unsigned k, long *descriptors) {
#35 3.686       |                                     ~~~~~~~~~^
#35 3.686 /vdms/src/vcl/DescriptorSetData.h:171:58: warning: unused parameter 'k' [-Wunused-parameter]
#35 3.686   171 |   virtual void search(float *query, unsigned n, unsigned k, long *descriptors) {
#35 3.686       |                                                 ~~~~~~~~~^
#35 3.686 /vdms/src/vcl/DescriptorSetData.h:171:67: warning: unused parameter 'descriptors' [-Wunused-parameter]
#35 3.686   171 |   virtual void search(float *query, unsigned n, unsigned k, long *descriptors) {
#35 3.686       |                                                             ~~~~~~^~~~~~~~~~~
#35 3.686 make  -f src/pmgd/java/CMakeFiles/ExceptionHeader.dir/build.make src/pmgd/java/CMakeFiles/ExceptionHeader.dir/depend
#35 3.686 /vdms/src/vcl/DescriptorSetData.h: In member function 'virtual void VCL::DescriptorSet::DescriptorSetData::train(float*, unsigned int)':
#35 3.686 /vdms/src/vcl/DescriptorSetData.h:228:29: warning: unused parameter 'descriptors' [-Wunused-parameter]
#35 3.686   228 |   virtual void train(float *descriptors, unsigned n) { train(); }
#35 3.686       |                      ~~~~~~~^~~~~~~~~~~
#35 3.686 /vdms/src/vcl/DescriptorSetData.h:228:51: warning: unused parameter 'n' [-Wunused-parameter]
#35 3.686   228 |   virtual void train(float *descriptors, unsigned n) { train(); }
#35 3.686       |                                          ~~~~~~~~~^
#35 3.687 make[2]: Entering directory '/vdms/build'
#35 3.687 cd /vdms/build && /usr/local/bin/cmake -E cmake_depends "Unix Makefiles" /vdms /vdms/src/pmgd/java /vdms/build /vdms/build/src/pmgd/java /vdms/build/src/pmgd/java/CMakeFiles/ExceptionHeader.dir/DependInfo.cmake "--color="
#35 3.693 make[2]: Leaving directory '/vdms/build'
#35 3.693 make  -f src/pmgd/java/CMakeFiles/ExceptionHeader.dir/build.make src/pmgd/java/CMakeFiles/ExceptionHeader.dir/build
#35 3.695 /vdms/src/pmgd/src/AvlTree.cc: In instantiation of 'PMGD::AvlTree<K, V>::TreeNode* PMGD::AvlTree<K, V>::add_recursive(TreeNode*, const K&, V*&, PMGD::Allocator&, PMGD::TransactionImpl*, bool&) [with K = PMGD::Time; V = PMGD::List<void*>]':
#35 3.695 /vdms/src/pmgd/src/AvlTree.cc:769:16:   required from here
#35 3.695 /vdms/src/pmgd/src/AvlTree.cc:337:20: warning: comparison of integer expressions of different signedness: 'uint32_t' {aka 'unsigned int'} and 'int' [-Wsign-compare]
#35 3.695   337 |     if (new_height != curr->height) {
#35 3.695       |         ~~~~~~~~~~~^~~~~~~~~~~~~~~
#35 3.695 make[2]: Entering directory '/vdms/build'
#35 3.695 /vdms/src/pmgd/src/AvlTree.cc: In instantiation of 'PMGD::AvlTree<K, V>::TreeNode* PMGD::AvlTree<K, V>::remove_recursive(TreeNode*, const K&, PMGD::Allocator&, PMGD::TransactionImpl*, bool&) [with K = PMGD::Time; V = PMGD::List<void*>]':
#35 3.695 /vdms/src/pmgd/src/AvlTree.cc:769:16:   required from here
#35 3.695 /vdms/src/pmgd/src/AvlTree.cc:663:20: warning: comparison of integer expressions of different signedness: 'uint32_t' {aka 'unsigned int'} and 'int' [-Wsign-compare]
#35 3.695   663 |     if (new_height != curr->height) {
#35 3.695       |         ~~~~~~~~~~~^~~~~~~~~~~~~~~
#35 3.700 [ 25%] Building Java objects for ExceptionHeader.jar
#35 3.701 cd /vdms/src/pmgd/java && /usr/local/bin/cmake -DCMAKE_JAVA_CLASS_OUTPUT_PATH=/vdms/build/src/pmgd/java/CMakeFiles/ExceptionHeader.dir -DCMAKE_JAR_CLASSES_PREFIX= -P /usr/local/share/cmake-3.28/Modules/UseJava/ClearClassFiles.cmake
#35 3.705 /vdms/src/pmgd/src/AvlTree.cc: In instantiation of 'PMGD::AvlTree<K, V>::TreeNode* PMGD::AvlTree<K, V>::add_recursive(TreeNode*, const K&, V*&, PMGD::Allocator&, PMGD::TransactionImpl*, bool&) [with K = PMGD::IndexString; V = PMGD::List<void*>]':
#35 3.705 /vdms/src/pmgd/src/AvlTree.cc:770:16:   required from here
#35 3.705 /vdms/src/pmgd/src/AvlTree.cc:337:20: warning: comparison of integer expressions of different signedness: 'uint32_t' {aka 'unsigned int'} and 'int' [-Wsign-compare]
#35 3.705   337 |     if (new_height != curr->height) {
#35 3.705       |         ~~~~~~~~~~~^~~~~~~~~~~~~~~
#35 3.705 /vdms/src/pmgd/src/AvlTree.cc: In instantiation of 'PMGD::AvlTree<K, V>::TreeNode* PMGD::AvlTree<K, V>::remove_recursive(TreeNode*, const K&, PMGD::Allocator&, PMGD::TransactionImpl*, bool&) [with K = PMGD::IndexString; V = PMGD::List<void*>]':
#35 3.705 /vdms/src/pmgd/src/AvlTree.cc:770:16:   required from here
#35 3.705 /vdms/src/pmgd/src/AvlTree.cc:663:20: warning: comparison of integer expressions of different signedness: 'uint32_t' {aka 'unsigned int'} and 'int' [-Wsign-compare]
#35 3.705   663 |     if (new_height != curr->height) {
#35 3.705       |         ~~~~~~~~~~~^~~~~~~~~~~~~~~
#35 3.707 cd /vdms/src/pmgd/java && /usr/bin/javac -classpath :/vdms/src/pmgd/java:/vdms/build/src/pmgd/java:/vdms/build/src/pmgd/java/pmgd-jar.jar -d /vdms/build/src/pmgd/java/CMakeFiles/ExceptionHeader.dir -h /vdms/build/src/pmgd/java @/vdms/build/src/pmgd/java/CMakeFiles/ExceptionHeader.dir/java_sources
#35 3.718 cd /vdms/build/src/pmgd/java/CMakeFiles/EdgeHeader.dir && /usr/local/bin/cmake -D_JAVA_TARGET_DIR=/vdms/build/src/pmgd/java -D_JAVA_TARGET_OUTPUT_NAME=EdgeHeader.jar -D_JAVA_TARGET_OUTPUT_LINK= -P /usr/local/share/cmake-3.28/Modules/UseJava/Symlinks.cmake
#35 3.724 make[2]: Leaving directory '/vdms/build'
#35 3.728 Note: EdgeIterator.java uses or overrides a deprecated API.
#35 3.728 Note: Recompile with -Xlint:deprecation for details.
#35 3.730 [ 26%] Built target EdgeHeader
#35 3.730 make  -f src/pmgd/java/CMakeFiles/PropertyPredicateHeader.dir/build.make src/pmgd/java/CMakeFiles/PropertyPredicateHeader.dir/depend
#35 3.732 make[2]: Entering directory '/vdms/build'
#35 3.732 cd /vdms/build && /usr/local/bin/cmake -E cmake_depends "Unix Makefiles" /vdms /vdms/src/pmgd/java /vdms/build /vdms/build/src/pmgd/java /vdms/build/src/pmgd/java/CMakeFiles/PropertyPredicateHeader.dir/DependInfo.cmake "--color="
#35 3.737 make[2]: Leaving directory '/vdms/build'
#35 3.737 make  -f src/pmgd/java/CMakeFiles/PropertyPredicateHeader.dir/build.make src/pmgd/java/CMakeFiles/PropertyPredicateHeader.dir/build
#35 3.738 cd /vdms/build/src/pmgd/java/CMakeFiles/NodeHeader.dir && /usr/local/bin/cmake -D_JAVA_TARGET_DIR=/vdms/build/src/pmgd/java -D_JAVA_TARGET_OUTPUT_NAME=NodeHeader.jar -D_JAVA_TARGET_OUTPUT_LINK= -P /usr/local/share/cmake-3.28/Modules/UseJava/Symlinks.cmake
#35 3.739 make[2]: Entering directory '/vdms/build'
#35 3.743 [ 27%] Building Java objects for PropertyPredicateHeader.jar
#35 3.744 make[2]: Leaving directory '/vdms/build'
#35 3.744 cd /vdms/src/pmgd/java && /usr/local/bin/cmake -DCMAKE_JAVA_CLASS_OUTPUT_PATH=/vdms/build/src/pmgd/java/CMakeFiles/PropertyPredicateHeader.dir -DCMAKE_JAR_CLASSES_PREFIX= -P /usr/local/share/cmake-3.28/Modules/UseJava/ClearClassFiles.cmake
#35 3.749 [ 28%] Built target NodeHeader
#35 3.750 make  -f src/pmgd/java/CMakeFiles/StringIDHeader.dir/build.make src/pmgd/java/CMakeFiles/StringIDHeader.dir/depend
#35 3.750 cd /vdms/src/pmgd/java && /usr/local/bin/cmake -E touch /vdms/build/src/pmgd/java/CMakeFiles/EdgeIteratorHeader.dir/java_compiled_EdgeIteratorHeader
#35 3.750 cd /vdms/src/pmgd/java && /usr/bin/javac -classpath :/vdms/src/pmgd/java:/vdms/build/src/pmgd/java:/vdms/build/src/pmgd/java/pmgd-jar.jar -d /vdms/build/src/pmgd/java/CMakeFiles/PropertyPredicateHeader.dir -h /vdms/build/src/pmgd/java @/vdms/build/src/pmgd/java/CMakeFiles/PropertyPredicateHeader.dir/java_sources
#35 3.751 make[2]: Entering directory '/vdms/build'
#35 3.751 cd /vdms/build && /usr/local/bin/cmake -E cmake_depends "Unix Makefiles" /vdms /vdms/src/pmgd/java /vdms/build /vdms/build/src/pmgd/java /vdms/build/src/pmgd/java/CMakeFiles/StringIDHeader.dir/DependInfo.cmake "--color="
#35 3.757 make[2]: Leaving directory '/vdms/build'
#35 3.757 make  -f src/pmgd/java/CMakeFiles/StringIDHeader.dir/build.make src/pmgd/java/CMakeFiles/StringIDHeader.dir/build
#35 3.759 make[2]: Entering directory '/vdms/build'
#35 3.759 [ 28%] Generating CMakeFiles/EdgeIteratorHeader.dir/java_class_filelist
#35 3.760 cd /vdms/src/pmgd/java && /usr/local/bin/cmake -DCMAKE_JAVA_CLASS_OUTPUT_PATH=/vdms/build/src/pmgd/java/CMakeFiles/EdgeIteratorHeader.dir -DCMAKE_JAR_CLASSES_PREFIX= -P /usr/local/share/cmake-3.28/Modules/UseJava/ClassFilelist.cmake
#35 3.764 [ 29%] Building Java objects for StringIDHeader.jar
#35 3.764 cd /vdms/src/pmgd/java && /usr/local/bin/cmake -DCMAKE_JAVA_CLASS_OUTPUT_PATH=/vdms/build/src/pmgd/java/CMakeFiles/StringIDHeader.dir -DCMAKE_JAR_CLASSES_PREFIX= -P /usr/local/share/cmake-3.28/Modules/UseJava/ClearClassFiles.cmake
#35 3.770 cd /vdms/src/pmgd/java && /usr/bin/javac -classpath :/vdms/src/pmgd/java:/vdms/build/src/pmgd/java:/vdms/build/src/pmgd/java/pmgd-jar.jar -d /vdms/build/src/pmgd/java/CMakeFiles/StringIDHeader.dir -h /vdms/build/src/pmgd/java @/vdms/build/src/pmgd/java/CMakeFiles/StringIDHeader.dir/java_sources
#35 3.771 [ 29%] Creating Java archive EdgeIteratorHeader.jar
#35 3.772 cd /vdms/build/src/pmgd/java/CMakeFiles/EdgeIteratorHeader.dir && /usr/bin/jar -cf /vdms/build/src/pmgd/java/EdgeIteratorHeader.jar @java_class_filelist
#35 3.868 cd /vdms/build/src/pmgd/java/CMakeFiles/EdgeIteratorHeader.dir && /usr/local/bin/cmake -D_JAVA_TARGET_DIR=/vdms/build/src/pmgd/java -D_JAVA_TARGET_OUTPUT_NAME=EdgeIteratorHeader.jar -D_JAVA_TARGET_OUTPUT_LINK= -P /usr/local/share/cmake-3.28/Modules/UseJava/Symlinks.cmake
#35 3.875 make[2]: Leaving directory '/vdms/build'
#35 3.881 [ 30%] Built target EdgeIteratorHeader
#35 3.887 [ 30%] Building CXX object src/vcl/CMakeFiles/vcl.dir/Image.cc.o
#35 3.888 cd /vdms/build/src/vcl && /usr/bin/c++ -Dvcl_EXPORTS -I/vdms/build -I/vdms/src/vcl/../../include -I/vdms/src/vcl/. -I/usr/include/jsoncpp -I/vdms/src/vcl/../../utils/include -isystem /usr/local/include/opencv4 -Wall -Wall -Wextra -std=gnu++17 -fPIC -g -fPIC -std=c++17 -Wno-deprecated-declarations -MD -MT src/vcl/CMakeFiles/vcl.dir/Image.cc.o -MF CMakeFiles/vcl.dir/Image.cc.o.d -o CMakeFiles/vcl.dir/Image.cc.o -c /vdms/src/vcl/Image.cc
#35 3.917 /vdms/src/vcl/FaissDescriptorSet.cc: In member function 'virtual void VCL::FaissDescriptorSet::classify(float*, unsigned int, long int*, unsigned int)':
#35 3.917 /vdms/src/vcl/FaissDescriptorSet.cc:160:21: warning: comparison of integer expressions of different signedness: 'int' and 'unsigned int' [-Wsign-compare]
#35 3.917   160 |   for (int j = 0; j < n; ++j) {
#35 3.917       |                   ~~^~~
#35 3.926 /vdms/src/vcl/FaissDescriptorSet.cc:164:23: warning: comparison of integer expressions of different signedness: 'int' and 'unsigned int' [-Wsign-compare]
#35 3.926   164 |     for (int i = 0; i < quorum; ++i) {
#35 3.926       |                     ~~^~~~~~~~
#35 3.926 /vdms/src/vcl/FaissDescriptorSet.cc:171:15: warning: comparison of integer expressions of different signedness: 'unsigned int' and 'std::map<long int, int>::mapped_type' {aka 'int'} [-Wsign-compare]
#35 3.926   171 |       if (max < map_voting[label_id]) {
#35 3.926 /vdms/src/vcl/FaissDescriptorSet.cc: In member function 'virtual void VCL::FaissDescriptorSet::get_labels(long int*, unsigned int, long int*)':
#35 3.926 /vdms/src/vcl/FaissDescriptorSet.cc:184:21: warning: comparison of integer expressions of different signedness: 'int' and 'unsigned int' [-Wsign-compare]
#35 3.926   184 |   for (int i = 0; i < n; ++i) {
#35 3.926       |                   ~~^~~
#35 3.926 /vdms/src/vcl/FaissDescriptorSet.cc:186:13: warning: comparison of integer expressions of different signedness: 'long int' and 'std::vector<long int>::size_type' {aka 'long unsigned int'} [-Wsign-compare]
#35 3.926   186 |     if (idx > _label_ids.size()) {
#35 3.926       |         ~~~~^~~~~~~~~~~~~~~~~~~
#35 3.927 /vdms/src/vcl/FaissDescriptorSet.cc: In member function 'virtual void VCL::FaissDescriptorSet::get_descriptors(long int*, unsigned int, float*)':
#35 3.927 /vdms/src/vcl/FaissDescriptorSet.cc:201:23: warning: comparison of integer expressions of different signedness: 'int' and 'unsigned int' [-Wsign-compare]
#35 3.927   201 |     for (int i = 0; i < n; ++i) {
#35 3.927       |                     ~~^~~
#35 3.927 /vdms/src/vcl/FaissDescriptorSet.cc:198:7: warning: unused variable 'offset' [-Wunused-variable]
#35 3.927   198 |   int offset = 0;
#35 3.927       |       ^~~~~~
#35 3.998 Note: Transaction.java uses or overrides a deprecated API.
#35 3.998 Note: Recompile with -Xlint:deprecation for details.
#35 4.019 cd /vdms/src/pmgd/java && /usr/local/bin/cmake -E touch /vdms/build/src/pmgd/java/CMakeFiles/TransactionHeader.dir/java_compiled_TransactionHeader
#35 4.030 [ 30%] Generating CMakeFiles/TransactionHeader.dir/java_class_filelist
#35 4.030 cd /vdms/src/pmgd/java && /usr/local/bin/cmake -DCMAKE_JAVA_CLASS_OUTPUT_PATH=/vdms/build/src/pmgd/java/CMakeFiles/TransactionHeader.dir -DCMAKE_JAR_CLASSES_PREFIX= -P /usr/local/share/cmake-3.28/Modules/UseJava/ClassFilelist.cmake
#35 4.042 [ 30%] Creating Java archive TransactionHeader.jar
#35 4.043 cd /vdms/build/src/pmgd/java/CMakeFiles/TransactionHeader.dir && /usr/bin/jar -cf /vdms/build/src/pmgd/java/TransactionHeader.jar @java_class_filelist
#35 4.146 cd /vdms/build/src/pmgd/java/CMakeFiles/TransactionHeader.dir && /usr/local/bin/cmake -D_JAVA_TARGET_DIR=/vdms/build/src/pmgd/java -D_JAVA_TARGET_OUTPUT_NAME=TransactionHeader.jar -D_JAVA_TARGET_OUTPUT_LINK= -P /usr/local/share/cmake-3.28/Modules/UseJava/Symlinks.cmake
#35 4.153 make[2]: Leaving directory '/vdms/build'
#35 4.160 [ 31%] Built target TransactionHeader
#35 4.166 [ 32%] Building CXX object src/pmgd/src/CMakeFiles/pmgd.dir/edge.cc.o
#35 4.167 cd /vdms/build/src/pmgd/src && /usr/bin/c++ -DCOMMIT_ID=\"632192f\" -Dpmgd_EXPORTS -I/vdms/build -I/vdms/src/pmgd/src/../include -Wall -std=c++14 -fPIC -g -fPIC -std=c++17 -MD -MT src/pmgd/src/CMakeFiles/pmgd.dir/edge.cc.o -MF CMakeFiles/pmgd.dir/edge.cc.o.d -o CMakeFiles/pmgd.dir/edge.cc.o -c /vdms/src/pmgd/src/edge.cc
#35 4.168 In file included from /vdms/src/vcl/DescriptorSet.cc:42:
#35 4.168 /vdms/src/vcl/TDBDescriptorSet.h: In member function 'virtual void VCL::TDBDescriptorSet::train(float*, unsigned int)':
#35 4.168 /vdms/src/vcl/TDBDescriptorSet.h:87:29: warning: unused parameter 'descriptors' [-Wunused-parameter]
#35 4.168    87 |   virtual void train(float *descriptors, unsigned n) { train(); }
#35 4.168       |                      ~~~~~~~^~~~~~~~~~~
#35 4.168 /vdms/src/vcl/TDBDescriptorSet.h:87:51: warning: unused parameter 'n' [-Wunused-parameter]
#35 4.168    87 |   virtual void train(float *descriptors, unsigned n) { train(); }
#35 4.168       |                                          ~~~~~~~~~^
#35 4.191 /vdms/src/vcl/DescriptorSet.cc: In member function 'void VCL::DescriptorSet::store()':
#35 4.191 /vdms/src/vcl/DescriptorSet.cc:228:23: warning: comparison of integer expressions of different signedness: 'int' and 'std::vector<std::__cxx11::basic_string<char>, std::allocator<std::__cxx11::basic_string<char> > >::size_type' {aka 'long unsigned int'} [-Wsign-compare]
#35 4.191   228 |     for (int i = 0; i < filenames.size(); i++) {
#35 4.191       |                     ~~^~~~~~~~~~~~~~~~~~
#35 4.197 /vdms/src/vcl/DescriptorSet.cc: In member function 'void VCL::DescriptorSet::set_labels_map(LabelIdVector&, std::vector<std::__cxx11::basic_string<char>, std::allocator<std::__cxx11::basic_string<char> > >&)':
#35 4.197 /vdms/src/vcl/DescriptorSet.cc:327:21: warning: comparison of integer expressions of different signedness: 'int' and 'std::vector<long int>::size_type' {aka 'long unsigned int'} [-Wsign-compare]
#35 4.197   327 |   for (int i = 0; i < ids.size(); ++i) {
#35 4.197       |                   ~~^~~~~~~~~~~~
#35 4.198 /vdms/src/vcl/DescriptorSet.cc: In member function 'std::vector<std::__cxx11::basic_string<char>, std::allocator<std::__cxx11::basic_string<char> > > VCL::DescriptorSet::label_id_to_string(LabelIdVector&)':
#35 4.198 /vdms/src/vcl/DescriptorSet.cc:339:21: warning: comparison of integer expressions of different signedness: 'int' and 'std::vector<long int>::size_type' {aka 'long unsigned int'} [-Wsign-compare]
#35 4.198   339 |   for (int i = 0; i < l_id.size(); ++i) {
#35 4.198       |                   ~~^~~~~~~~~~~~~
#35 4.219 cd /vdms/src/pmgd/java && /usr/local/bin/cmake -E touch /vdms/build/src/pmgd/java/CMakeFiles/ExceptionHeader.dir/java_compiled_ExceptionHeader
#35 4.226 In file included from /vdms/src/vcl/Image.cc:41:
#35 4.226 /vdms/src/vcl/../../include/vcl/Image.h:253:1: warning: "/*" within comment [-Wcomment]
#35 4.226   253 | /**
#35 4.226       |  
#35 4.230 [ 32%] Generating CMakeFiles/ExceptionHeader.dir/java_class_filelist
#35 4.231 cd /vdms/src/pmgd/java && /usr/local/bin/cmake -DCMAKE_JAVA_CLASS_OUTPUT_PATH=/vdms/build/src/pmgd/java/CMakeFiles/ExceptionHeader.dir -DCMAKE_JAR_CLASSES_PREFIX= -P /usr/local/share/cmake-3.28/Modules/UseJava/ClassFilelist.cmake
#35 4.231 [ 32%] Building CXX object src/pmgd/src/CMakeFiles/pmgd.dir/EdgeIndex.cc.o
#35 4.232 cd /vdms/build/src/pmgd/src && /usr/bin/c++ -DCOMMIT_ID=\"632192f\" -Dpmgd_EXPORTS -I/vdms/build -I/vdms/src/pmgd/src/../include -Wall -std=c++14 -fPIC -g -fPIC -std=c++17 -MD -MT src/pmgd/src/CMakeFiles/pmgd.dir/EdgeIndex.cc.o -MF CMakeFiles/pmgd.dir/EdgeIndex.cc.o.d -o CMakeFiles/pmgd.dir/EdgeIndex.cc.o -c /vdms/src/pmgd/src/EdgeIndex.cc
#35 4.234 Note: Graph.java uses or overrides a deprecated API.
#35 4.234 Note: Recompile with -Xlint:deprecation for details.
#35 4.242 [ 32%] Creating Java archive ExceptionHeader.jar
#35 4.243 cd /vdms/src/pmgd/java && /usr/local/bin/cmake -E touch /vdms/build/src/pmgd/java/CMakeFiles/StringIDHeader.dir/java_compiled_StringIDHeader
#35 4.243 cd /vdms/build/src/pmgd/java/CMakeFiles/ExceptionHeader.dir && /usr/bin/jar -cf /vdms/build/src/pmgd/java/ExceptionHeader.jar @java_class_filelist
#35 4.253 [ 32%] Generating CMakeFiles/StringIDHeader.dir/java_class_filelist
#35 4.254 cd /vdms/src/pmgd/java && /usr/local/bin/cmake -DCMAKE_JAVA_CLASS_OUTPUT_PATH=/vdms/build/src/pmgd/java/CMakeFiles/StringIDHeader.dir -DCMAKE_JAR_CLASSES_PREFIX= -P /usr/local/share/cmake-3.28/Modules/UseJava/ClassFilelist.cmake
#35 4.257 cd /vdms/src/pmgd/java && /usr/local/bin/cmake -E touch /vdms/build/src/pmgd/java/CMakeFiles/GraphHeader.dir/java_compiled_GraphHeader
#35 4.266 [ 32%] Creating Java archive StringIDHeader.jar
#35 4.266 cd /vdms/build/src/pmgd/java/CMakeFiles/StringIDHeader.dir && /usr/bin/jar -cf /vdms/build/src/pmgd/java/StringIDHeader.jar @java_class_filelist
#35 4.267 [ 32%] Generating CMakeFiles/GraphHeader.dir/java_class_filelist
#35 4.267 cd /vdms/src/pmgd/java && /usr/local/bin/cmake -DCMAKE_JAVA_CLASS_OUTPUT_PATH=/vdms/build/src/pmgd/java/CMakeFiles/GraphHeader.dir -DCMAKE_JAR_CLASSES_PREFIX= -P /usr/local/share/cmake-3.28/Modules/UseJava/ClassFilelist.cmake
#35 4.269 Note: PropertyPredicate.java uses or overrides a deprecated API.
#35 4.269 Note: Recompile with -Xlint:deprecation for details.
#35 4.278 [ 32%] Creating Java archive GraphHeader.jar
#35 4.279 cd /vdms/build/src/pmgd/java/CMakeFiles/GraphHeader.dir && /usr/bin/jar -cf /vdms/build/src/pmgd/java/GraphHeader.jar @java_class_filelist
#35 4.280 cd /vdms/src/pmgd/java && /usr/local/bin/cmake -E touch /vdms/build/src/pmgd/java/CMakeFiles/PropertyPredicateHeader.dir/java_compiled_PropertyPredicateHeader
#35 4.290 [ 32%] Generating CMakeFiles/PropertyPredicateHeader.dir/java_class_filelist
#35 4.291 cd /vdms/src/pmgd/java && /usr/local/bin/cmake -DCMAKE_JAVA_CLASS_OUTPUT_PATH=/vdms/build/src/pmgd/java/CMakeFiles/PropertyPredicateHeader.dir -DCMAKE_JAR_CLASSES_PREFIX= -P /usr/local/share/cmake-3.28/Modules/UseJava/ClassFilelist.cmake
#35 4.303 [ 32%] Creating Java archive PropertyPredicateHeader.jar
#35 4.304 cd /vdms/build/src/pmgd/java/CMakeFiles/PropertyPredicateHeader.dir && /usr/bin/jar -cf /vdms/build/src/pmgd/java/PropertyPredicateHeader.jar @java_class_filelist
#35 4.321 In file included from /vdms/src/vcl/FlinngDescriptorSet.h:44,
#35 4.321                  from /vdms/src/vcl/FlinngDescriptorSet.cc:40:
#35 4.321 /vdms/src/vcl/DescriptorSetData.h: In member function 'virtual long int VCL::DescriptorSet::DescriptorSetData::add_and_store(float*, unsigned int, long int*)':
#35 4.321 /vdms/src/vcl/DescriptorSetData.h:153:37: warning: unused parameter 'descriptors' [-Wunused-parameter]
#35 4.321   153 |   virtual long add_and_store(float *descriptors, unsigned n_descriptors,
#35 4.321       |                              ~~~~~~~^~~~~~~~~~~
#35 4.321 /vdms/src/vcl/DescriptorSetData.h:153:59: warning: unused parameter 'n_descriptors' [-Wunused-parameter]
#35 4.321   153 |   virtual long add_and_store(float *descriptors, unsigned n_descriptors,
#35 4.321       |                                                  ~~~~~~~~~^~~~~~~~~~~~~
#35 4.321 /vdms/src/vcl/DescriptorSetData.h:154:36: warning: unused parameter 'labels' [-Wunused-parameter]
#35 4.321   154 |                              long *labels = NULL) {
#35 4.321       |                                    ^
#35 4.321 /vdms/src/vcl/DescriptorSetData.h: In member function 'virtual void VCL::DescriptorSet::DescriptorSetData::search(float*, unsigned int, unsigned int, long int*)':
#35 4.321 /vdms/src/vcl/DescriptorSetData.h:171:30: warning: unused parameter 'query' [-Wunused-parameter]
#35 4.321   171 |   virtual void search(float *query, unsigned n, unsigned k, long *descriptors) {
#35 4.321       |                       ~~~~~~~^~~~~
#35 4.321 /vdms/src/vcl/DescriptorSetData.h:171:46: warning: unused parameter 'n' [-Wunused-parameter]
#35 4.321   171 |   virtual void search(float *query, unsigned n, unsigned k, long *descriptors) {
#35 4.321       |                                     ~~~~~~~~~^
#35 4.321 /vdms/src/vcl/DescriptorSetData.h:171:58: warning: unused parameter 'k' [-Wunused-parameter]
#35 4.321   171 |   virtual void search(float *query, unsigned n, unsigned k, long *descriptors) {
#35 4.321       |                                                 ~~~~~~~~~^
#35 4.321 /vdms/src/vcl/DescriptorSetData.h:171:67: warning: unused parameter 'descriptors' [-Wunused-parameter]
#35 4.321   171 |   virtual void search(float *query, unsigned n, unsigned k, long *descriptors) {
#35 4.321       |                                                             ~~~~~~^~~~~~~~~~~
#35 4.321 /vdms/src/vcl/DescriptorSetData.h: In member function 'virtual void VCL::DescriptorSet::DescriptorSetData::train(float*, unsigned int)':
#35 4.321 /vdms/src/vcl/DescriptorSetData.h:228:29: warning: unused parameter 'descriptors' [-Wunused-parameter]
#35 4.321   228 |   virtual void train(float *descriptors, unsigned n) { train(); }
#35 4.321       |                      ~~~~~~~^~~~~~~~~~~
#35 4.321 /vdms/src/vcl/DescriptorSetData.h:228:51: warning: unused parameter 'n' [-Wunused-parameter]
#35 4.321   228 |   virtual void train(float *descriptors, unsigned n) { train(); }
#35 4.321       |                                          ~~~~~~~~~^
#35 4.350 cd /vdms/build/src/pmgd/java/CMakeFiles/ExceptionHeader.dir && /usr/local/bin/cmake -D_JAVA_TARGET_DIR=/vdms/build/src/pmgd/java -D_JAVA_TARGET_OUTPUT_NAME=ExceptionHeader.jar -D_JAVA_TARGET_OUTPUT_LINK= -P /usr/local/share/cmake-3.28/Modules/UseJava/Symlinks.cmake
#35 4.356 make[2]: Leaving directory '/vdms/build'
#35 4.361 [ 33%] Built target ExceptionHeader
#35 4.364 cd /vdms/build/src/pmgd/java/CMakeFiles/StringIDHeader.dir && /usr/local/bin/cmake -D_JAVA_TARGET_DIR=/vdms/build/src/pmgd/java -D_JAVA_TARGET_OUTPUT_NAME=StringIDHeader.jar -D_JAVA_TARGET_OUTPUT_LINK= -P /usr/local/share/cmake-3.28/Modules/UseJava/Symlinks.cmake
#35 4.366 [ 33%] Building CXX object src/pmgd/src/CMakeFiles/pmgd.dir/FixedAllocator.cc.o
#35 4.367 cd /vdms/build/src/pmgd/src && /usr/bin/c++ -DCOMMIT_ID=\"632192f\" -Dpmgd_EXPORTS -I/vdms/build -I/vdms/src/pmgd/src/../include -Wall -std=c++14 -fPIC -g -fPIC -std=c++17 -MD -MT src/pmgd/src/CMakeFiles/pmgd.dir/FixedAllocator.cc.o -MF CMakeFiles/pmgd.dir/FixedAllocator.cc.o.d -o CMakeFiles/pmgd.dir/FixedAllocator.cc.o -c /vdms/src/pmgd/src/FixedAllocator.cc
#35 4.369 make[2]: Leaving directory '/vdms/build'
#35 4.374 [ 34%] Built target StringIDHeader
#35 4.379 [ 35%] Building CXX object src/pmgd/src/CMakeFiles/pmgd.dir/FixSizeAllocator.cc.o
#35 4.380 cd /vdms/build/src/pmgd/src && /usr/bin/c++ -DCOMMIT_ID=\"632192f\" -Dpmgd_EXPORTS -I/vdms/build -I/vdms/src/pmgd/src/../include -Wall -std=c++14 -fPIC -g -fPIC -std=c++17 -MD -MT src/pmgd/src/CMakeFiles/pmgd.dir/FixSizeAllocator.cc.o -MF CMakeFiles/pmgd.dir/FixSizeAllocator.cc.o.d -o CMakeFiles/pmgd.dir/FixSizeAllocator.cc.o -c /vdms/src/pmgd/src/FixSizeAllocator.cc
#35 4.387 cd /vdms/build/src/pmgd/java/CMakeFiles/GraphHeader.dir && /usr/local/bin/cmake -D_JAVA_TARGET_DIR=/vdms/build/src/pmgd/java -D_JAVA_TARGET_OUTPUT_NAME=GraphHeader.jar -D_JAVA_TARGET_OUTPUT_LINK= -P /usr/local/share/cmake-3.28/Modules/UseJava/Symlinks.cmake
#35 4.392 /vdms/src/vcl/FlinngDescriptorSet.cc: In member function 'virtual void VCL::FlinngDescriptorSet::train(float*, unsigned int)':
#35 4.392 /vdms/src/vcl/FlinngDescriptorSet.cc:176:40: warning: unused parameter 'descriptors' [-Wunused-parameter]
#35 4.392   176 | void FlinngDescriptorSet::train(float *descriptors, unsigned n) {
#35 4.392       |                                 ~~~~~~~^~~~~~~~~~~
#35 4.392 /vdms/src/vcl/FlinngDescriptorSet.cc:176:62: warning: unused parameter 'n' [-Wunused-parameter]
#35 4.392   176 | void FlinngDescriptorSet::train(float *descriptors, unsigned n) {
#35 4.392       |                                                     ~~~~~~~~~^
#35 4.393 /vdms/src/vcl/FlinngDescriptorSet.cc: In member function 'virtual void VCL::FlinngDescriptorSet::radius_search(float*, float, long int*, float*)':
#35 4.393 /vdms/src/vcl/FlinngDescriptorSet.cc:206:48: warning: unused parameter 'query' [-Wunused-parameter]
#35 4.393   206 | void FlinngDescriptorSet::radius_search(float *query, float radius,
#35 4.393       |                                         ~~~~~~~^~~~~
#35 4.393 /vdms/src/vcl/FlinngDescriptorSet.cc:206:61: warning: unused parameter 'radius' [-Wunused-parameter]
#35 4.393   206 | void FlinngDescriptorSet::radius_search(float *query, float radius,
#35 4.393       |                                                       ~~~~~~^~~~~~
#35 4.393 /vdms/src/vcl/FlinngDescriptorSet.cc:207:47: warning: unused parameter 'descriptors' [-Wunused-parameter]
#35 4.393   207 |                                         long *descriptors, float *distances) {
#35 4.393       |                                         ~~~~~~^~~~~~~~~~~
#35 4.393 /vdms/src/vcl/FlinngDescriptorSet.cc:207:67: warning: unused parameter 'distances' [-Wunused-parameter]
#35 4.393   207 |                                         long *descriptors, float *distances) {
#35 4.393       |                                                            ~~~~~~~^~~~~~~~~
#35 4.393 make[2]: Leaving directory '/vdms/build'
#35 4.393 /vdms/src/vcl/FlinngDescriptorSet.cc: In member function 'virtual void VCL::FlinngDescriptorSet::classify(float*, unsigned int, long int*, unsigned int)':
#35 4.393 /vdms/src/vcl/FlinngDescriptorSet.cc:221:21: warning: comparison of integer expressions of different signedness: 'int' and 'unsigned int' [-Wsign-compare]
#35 4.393   221 |   for (int j = 0; j < n; ++j) {
#35 4.393       |                   ~~^~~
#35 4.398 [ 36%] Built target GraphHeader
#35 4.401 /vdms/src/vcl/FlinngDescriptorSet.cc:225:23: warning: comparison of integer expressions of different signedness: 'int' and 'unsigned int' [-Wsign-compare]
#35 4.401   225 |     for (int i = 0; i < quorum; ++i) {
#35 4.401       |                     ~~^~~~~~~~
#35 4.401 /vdms/src/vcl/FlinngDescriptorSet.cc:232:15: warning: comparison of integer expressions of different signedness: 'unsigned int' and 'std::map<long int, int>::mapped_type' {aka 'int'} [-Wsign-compare]
#35 4.401   232 |       if (max < map_voting[label_id]) {
#35 4.402 /vdms/src/vcl/FlinngDescriptorSet.cc: In member function 'virtual void VCL::FlinngDescriptorSet::get_labels(long int*, unsigned int, long int*)':
#35 4.402 /vdms/src/vcl/FlinngDescriptorSet.cc:245:21: warning: comparison of integer expressions of different signedness: 'int' and 'unsigned int' [-Wsign-compare]
#35 4.402   245 |   for (int i = 0; i < n; ++i) {
#35 4.402       |                   ~~^~~
#35 4.402 /vdms/src/vcl/FlinngDescriptorSet.cc:247:13: warning: comparison of integer expressions of different signedness: 'long int' and 'std::vector<long int>::size_type' {aka 'long unsigned int'} [-Wsign-compare]
#35 4.402   247 |     if (idx > _label_ids.size()) {
#35 4.402       |         ~~~~^~~~~~~~~~~~~~~~~~~
#35 4.402 /vdms/src/vcl/FlinngDescriptorSet.cc: In member function 'virtual void VCL::FlinngDescriptorSet::get_descriptors(long int*, unsigned int, float*)':
#35 4.402 /vdms/src/vcl/FlinngDescriptorSet.cc:259:21: warning: comparison of integer expressions of different signedness: 'int' and 'unsigned int' [-Wsign-compare]
#35 4.402   259 |   for (int i = 0; i < n; ++i) {
#35 4.402       |                   ~~^~~
#35 4.402 /vdms/src/vcl/FlinngDescriptorSet.cc:258:7: warning: unused variable 'offset' [-Wunused-variable]
#35 4.402   258 |   int offset = 0;
#35 4.402       |       ^~~~~~
#35 4.403 [ 36%] Building CXX object src/pmgd/src/CMakeFiles/pmgd.dir/FlexFixedAllocator.cc.o
#35 4.404 cd /vdms/build/src/pmgd/src && /usr/bin/c++ -DCOMMIT_ID=\"632192f\" -Dpmgd_EXPORTS -I/vdms/build -I/vdms/src/pmgd/src/../include -Wall -std=c++14 -fPIC -g -fPIC -std=c++17 -MD -MT src/pmgd/src/CMakeFiles/pmgd.dir/FlexFixedAllocator.cc.o -MF CMakeFiles/pmgd.dir/FlexFixedAllocator.cc.o.d -o CMakeFiles/pmgd.dir/FlexFixedAllocator.cc.o -c /vdms/src/pmgd/src/FlexFixedAllocator.cc
#35 4.420 cd /vdms/build/src/pmgd/java/CMakeFiles/PropertyPredicateHeader.dir && /usr/local/bin/cmake -D_JAVA_TARGET_DIR=/vdms/build/src/pmgd/java -D_JAVA_TARGET_OUTPUT_NAME=PropertyPredicateHeader.jar -D_JAVA_TARGET_OUTPUT_LINK= -P /usr/local/share/cmake-3.28/Modules/UseJava/Symlinks.cmake
#35 4.426 make[2]: Leaving directory '/vdms/build'
#35 4.431 [ 37%] Built target PropertyPredicateHeader
#35 4.436 In file included from /vdms/src/pmgd/src/../include/iterator.h:36,
#35 4.436                  from /vdms/src/pmgd/src/../include/graph.h:34,
#35 4.436                  from /vdms/src/pmgd/src/GraphConfig.h:35,
#35 4.436                  from /vdms/src/pmgd/src/TransactionManager.h:38,
#35 4.436                  from /vdms/src/pmgd/src/TransactionImpl.h:37,
#35 4.436                  from /vdms/src/pmgd/src/FixedAllocator.h:34,
#35 4.436                  from /vdms/src/pmgd/src/AllocatorUnit.h:37,
#35 4.436                  from /vdms/src/pmgd/src/ChunkAllocator.cc:34:
#35 4.436 /vdms/src/pmgd/src/../include/property.h: In constructor 'PMGD::Time::Time()':
#35 4.436 /vdms/src/pmgd/src/../include/property.h:70:24: warning: 'void* memset(void*, int, size_t)' clearing an object of non-trivial type 'struct PMGD::Time'; use assignment or value-initialization instead [-Wclass-memaccess]
#35 4.436    70 |         Time() { memset(this, 0, sizeof(Time)); }
#35 4.436       |                  ~~~~~~^~~~~~~~~~~~~~~~~~~~~~~
#35 4.436 /vdms/src/pmgd/src/../include/property.h:45:12: note: 'struct PMGD::Time' declared here
#35 4.436    45 |     struct Time {
#35 4.436       |            ^~~~
#35 4.437 [ 37%] Building CXX object src/pmgd/src/CMakeFiles/pmgd.dir/graph.cc.o
#35 4.437 cd /vdms/build/src/pmgd/src && /usr/bin/c++ -DCOMMIT_ID=\"632192f\" -Dpmgd_EXPORTS -I/vdms/build -I/vdms/src/pmgd/src/../include -Wall -std=c++14 -fPIC -g -fPIC -std=c++17 -MD -MT src/pmgd/src/CMakeFiles/pmgd.dir/graph.cc.o -MF CMakeFiles/pmgd.dir/graph.cc.o.d -o CMakeFiles/pmgd.dir/graph.cc.o -c /vdms/src/pmgd/src/graph.cc
#35 4.485 In file included from /vdms/src/pmgd/src/../include/edge.h:33,
#35 4.485                  from /vdms/src/pmgd/src/edge.cc:31:
#35 4.485 /vdms/src/pmgd/src/../include/property.h: In constructor 'PMGD::Time::Time()':
#35 4.485 /vdms/src/pmgd/src/../include/property.h:70:24: warning: 'void* memset(void*, int, size_t)' clearing an object of non-trivial type 'struct PMGD::Time'; use assignment or value-initialization instead [-Wclass-memaccess]
#35 4.485    70 |         Time() { memset(this, 0, sizeof(Time)); }
#35 4.485       |                  ~~~~~~^~~~~~~~~~~~~~~~~~~~~~~
#35 4.485 /vdms/src/pmgd/src/../include/property.h:45:12: note: 'struct PMGD::Time' declared here
#35 4.485    45 |     struct Time {
#35 4.485       |            ^~~~
#35 4.581 [ 38%] Building CXX object src/pmgd/src/CMakeFiles/pmgd.dir/GraphConfig.cc.o
#35 4.582 cd /vdms/build/src/pmgd/src && /usr/bin/c++ -DCOMMIT_ID=\"632192f\" -Dpmgd_EXPORTS -I/vdms/build -I/vdms/src/pmgd/src/../include -Wall -std=c++14 -fPIC -g -fPIC -std=c++17 -MD -MT src/pmgd/src/CMakeFiles/pmgd.dir/GraphConfig.cc.o -MF CMakeFiles/pmgd.dir/GraphConfig.cc.o.d -o CMakeFiles/pmgd.dir/GraphConfig.cc.o -c /vdms/src/pmgd/src/GraphConfig.cc
#35 4.897 In file included from /vdms/src/pmgd/src/../include/iterator.h:36,
#35 4.897                  from /vdms/src/pmgd/src/../include/graph.h:34,
#35 4.897                  from /vdms/src/pmgd/src/graph.cc:32:
#35 4.897 /vdms/src/pmgd/src/../include/property.h: In constructor 'PMGD::Time::Time()':
#35 4.897 /vdms/src/pmgd/src/../include/property.h:70:24: warning: 'void* memset(void*, int, size_t)' clearing an object of non-trivial type 'struct PMGD::Time'; use assignment or value-initialization instead [-Wclass-memaccess]
#35 4.897    70 |         Time() { memset(this, 0, sizeof(Time)); }
#35 4.897       |                  ~~~~~~^~~~~~~~~~~~~~~~~~~~~~~
#35 4.897 /vdms/src/pmgd/src/../include/property.h:45:12: note: 'struct PMGD::Time' declared here
#35 4.897    45 |     struct Time {
#35 4.897       |            ^~~~
#35 4.974 [ 39%] Building CXX object src/vcl/CMakeFiles/vcl.dir/KeyFrame.cc.o
#35 4.975 cd /vdms/build/src/vcl && /usr/bin/c++ -Dvcl_EXPORTS -I/vdms/build -I/vdms/src/vcl/../../include -I/vdms/src/vcl/. -I/usr/include/jsoncpp -I/vdms/src/vcl/../../utils/include -isystem /usr/local/include/opencv4 -Wall -Wall -Wextra -std=gnu++17 -fPIC -g -fPIC -std=c++17 -Wno-deprecated-declarations -MD -MT src/vcl/CMakeFiles/vcl.dir/KeyFrame.cc.o -MF CMakeFiles/vcl.dir/KeyFrame.cc.o.d -o CMakeFiles/vcl.dir/KeyFrame.cc.o -c /vdms/src/vcl/KeyFrame.cc
#35 5.007 [ 39%] Building CXX object src/pmgd/src/CMakeFiles/pmgd.dir/Index.cc.o
#35 5.007 cd /vdms/build/src/pmgd/src && /usr/bin/c++ -DCOMMIT_ID=\"632192f\" -Dpmgd_EXPORTS -I/vdms/build -I/vdms/src/pmgd/src/../include -Wall -std=c++14 -fPIC -g -fPIC -std=c++17 -MD -MT src/pmgd/src/CMakeFiles/pmgd.dir/Index.cc.o -MF CMakeFiles/pmgd.dir/Index.cc.o.d -o CMakeFiles/pmgd.dir/Index.cc.o -c /vdms/src/pmgd/src/Index.cc
#35 5.048 make  -f src/pmgd/java/CMakeFiles/pmgd-jni.dir/build.make src/pmgd/java/CMakeFiles/pmgd-jni.dir/depend
#35 5.050 make[2]: Entering directory '/vdms/build'
#35 5.050 cd /vdms/build && /usr/local/bin/cmake -E cmake_depends "Unix Makefiles" /vdms /vdms/src/pmgd/java /vdms/build /vdms/build/src/pmgd/java /vdms/build/src/pmgd/java/CMakeFiles/pmgd-jni.dir/DependInfo.cmake "--color="
#35 5.056 make[2]: Leaving directory '/vdms/build'
#35 5.056 make  -f src/pmgd/java/CMakeFiles/pmgd-jni.dir/build.make src/pmgd/java/CMakeFiles/pmgd-jni.dir/build
#35 5.058 make[2]: Entering directory '/vdms/build'
#35 5.063 [ 39%] Building CXX object src/pmgd/java/CMakeFiles/pmgd-jni.dir/common.cc.o
#35 5.064 cd /vdms/build/src/pmgd/java && /usr/bin/c++  -I/vdms/build -I/vdms/src/pmgd/java/../include -I/vdms/src/pmgd/java/../util -I/vdms/build/src/pmgd/java -I/usr/lib/jvm/java-17-openjdk-amd64/include -I/usr/lib/jvm/java-17-openjdk-amd64/include/linux -Wall -std=c++14 -g -fPIC -std=c++17 -MD -MT src/pmgd/java/CMakeFiles/pmgd-jni.dir/common.cc.o -MF CMakeFiles/pmgd-jni.dir/common.cc.o.d -o CMakeFiles/pmgd-jni.dir/common.cc.o -c /vdms/src/pmgd/java/common.cc
#35 5.088 In file included from /vdms/src/pmgd/src/../include/iterator.h:36,
#35 5.088                  from /vdms/src/pmgd/src/../include/graph.h:34,
#35 5.088                  from /vdms/src/pmgd/src/GraphConfig.cc:34:
#35 5.088 /vdms/src/pmgd/src/../include/property.h: In constructor 'PMGD::Time::Time()':
#35 5.088 /vdms/src/pmgd/src/../include/property.h:70:24: warning: 'void* memset(void*, int, size_t)' clearing an object of non-trivial type 'struct PMGD::Time'; use assignment or value-initialization instead [-Wclass-memaccess]
#35 5.088    70 |         Time() { memset(this, 0, sizeof(Time)); }
#35 5.088       |                  ~~~~~~^~~~~~~~~~~~~~~~~~~~~~~
#35 5.088 /vdms/src/pmgd/src/../include/property.h:45:12: note: 'struct PMGD::Time' declared here
#35 5.088    45 |     struct Time {
#35 5.088       |            ^~~~
#35 5.125 [ 39%] Building CXX object src/vcl/CMakeFiles/vcl.dir/TDBDenseDescriptorSet.cc.o
#35 5.126 cd /vdms/build/src/vcl && /usr/bin/c++ -Dvcl_EXPORTS -I/vdms/build -I/vdms/src/vcl/../../include -I/vdms/src/vcl/. -I/usr/include/jsoncpp -I/vdms/src/vcl/../../utils/include -isystem /usr/local/include/opencv4 -Wall -Wall -Wextra -std=gnu++17 -fPIC -g -fPIC -std=c++17 -Wno-deprecated-declarations -MD -MT src/vcl/CMakeFiles/vcl.dir/TDBDenseDescriptorSet.cc.o -MF CMakeFiles/vcl.dir/TDBDenseDescriptorSet.cc.o.d -o CMakeFiles/vcl.dir/TDBDenseDescriptorSet.cc.o -c /vdms/src/vcl/TDBDenseDescriptorSet.cc
#35 5.236 In file included from /vdms/src/pmgd/src/../include/iterator.h:36,
#35 5.236                  from /vdms/src/pmgd/src/../include/graph.h:34,
#35 5.236                  from /vdms/src/pmgd/src/GraphConfig.h:35,
#35 5.236                  from /vdms/src/pmgd/src/TransactionManager.h:38,
#35 5.236                  from /vdms/src/pmgd/src/TransactionImpl.h:37,
#35 5.236                  from /vdms/src/pmgd/src/Allocator.h:36,
#35 5.236                  from /vdms/src/pmgd/src/EdgeIndex.h:33,
#35 5.236                  from /vdms/src/pmgd/src/EdgeIndex.cc:30:
#35 5.236 /vdms/src/pmgd/src/../include/property.h: In constructor 'PMGD::Time::Time()':
#35 5.236 /vdms/src/pmgd/src/../include/property.h:70:24: warning: 'void* memset(void*, int, size_t)' clearing an object of non-trivial type 'struct PMGD::Time'; use assignment or value-initialization instead [-Wclass-memaccess]
#35 5.236    70 |         Time() { memset(this, 0, sizeof(Time)); }
#35 5.236       |                  ~~~~~~^~~~~~~~~~~~~~~~~~~~~~~
#35 5.236 /vdms/src/pmgd/src/../include/property.h:45:12: note: 'struct PMGD::Time' declared here
#35 5.236    45 |     struct Time {
#35 5.236       |            ^~~~
#35 5.276 In file included from /vdms/src/pmgd/java/../include/pmgd.h:38,
#35 5.276                  from /vdms/src/pmgd/java/common.cc:31:
#35 5.276 /vdms/src/pmgd/java/../include/property.h: In constructor 'PMGD::Time::Time()':
#35 5.276 /vdms/src/pmgd/java/../include/property.h:70:24: warning: 'void* memset(void*, int, size_t)' clearing an object of non-trivial type 'struct PMGD::Time'; use assignment or value-initialization instead [-Wclass-memaccess]
#35 5.276    70 |         Time() { memset(this, 0, sizeof(Time)); }
#35 5.276       |                  ~~~~~~^~~~~~~~~~~~~~~~~~~~~~~
#35 5.276 /vdms/src/pmgd/java/../include/property.h:45:12: note: 'struct PMGD::Time' declared here
#35 5.276    45 |     struct Time {
#35 5.276       |            ^~~~
#35 5.323 In file included from /vdms/src/pmgd/src/Index.h:31,
#35 5.323                  from /vdms/src/pmgd/src/Index.cc:31:
#35 5.323 /vdms/src/pmgd/src/../include/property.h: In constructor 'PMGD::Time::Time()':
#35 5.323 /vdms/src/pmgd/src/../include/property.h:70:24: warning: 'void* memset(void*, int, size_t)' clearing an object of non-trivial type 'struct PMGD::Time'; use assignment or value-initialization instead [-Wclass-memaccess]
#35 5.323    70 |         Time() { memset(this, 0, sizeof(Time)); }
#35 5.323       |                  ~~~~~~^~~~~~~~~~~~~~~~~~~~~~~
#35 5.323 /vdms/src/pmgd/src/../include/property.h:45:12: note: 'struct PMGD::Time' declared here
#35 5.323    45 |     struct Time {
#35 5.323       |            ^~~~
#35 5.340 In file included from /vdms/src/pmgd/src/../include/iterator.h:36,
#35 5.340                  from /vdms/src/pmgd/src/../include/graph.h:34,
#35 5.340                  from /vdms/src/pmgd/src/GraphConfig.h:35,
#35 5.340                  from /vdms/src/pmgd/src/TransactionManager.h:38,
#35 5.340                  from /vdms/src/pmgd/src/TransactionImpl.h:37,
#35 5.340                  from /vdms/src/pmgd/src/FixedAllocator.h:34,
#35 5.340                  from /vdms/src/pmgd/src/FixedAllocator.cc:41:
#35 5.340 /vdms/src/pmgd/src/../include/property.h: In constructor 'PMGD::Time::Time()':
#35 5.340 /vdms/src/pmgd/src/../include/property.h:70:24: warning: 'void* memset(void*, int, size_t)' clearing an object of non-trivial type 'struct PMGD::Time'; use assignment or value-initialization instead [-Wclass-memaccess]
#35 5.340    70 |         Time() { memset(this, 0, sizeof(Time)); }
#35 5.340       |                  ~~~~~~^~~~~~~~~~~~~~~~~~~~~~~
#35 5.340 /vdms/src/pmgd/src/../include/property.h:45:12: note: 'struct PMGD::Time' declared here
#35 5.340    45 |     struct Time {
#35 5.340       |            ^~~~
#35 5.348 /vdms/src/vcl/KeyFrame.cc: In member function 'int VCL::KeyFrameParser::fill_frame_list()':
#35 5.348 /vdms/src/vcl/KeyFrame.cc:153:27: warning: comparison of integer expressions of different signedness: 'int' and 'unsigned int' [-Wsign-compare]
#35 5.348   153 |     if (pkt->stream_index != _fctx.video_stream_idx) {
#35 5.348       |         ~~~~~~~~~~~~~~~~~~^~~~~~~~~~~~~~~~~~~~~~~~~
#35 5.352 /vdms/src/vcl/KeyFrame.cc: In destructor 'virtual VCL::KeyFrameDecoder::~KeyFrameDecoder()':
#35 5.352 /vdms/src/vcl/KeyFrame.cc:197:5: warning: suggest braces around empty body in an 'if' statement [-Wempty-body]
#35 5.352   197 |     ;
#35 5.352       |     ^
#35 5.352 /vdms/src/vcl/KeyFrame.cc:200:5: warning: suggest braces around empty body in an 'if' statement [-Wempty-body]
#35 5.352   200 |     ;
#35 5.352       |     ^
#35 5.361 /vdms/src/vcl/KeyFrame.cc: In member function 'int VCL::KeyFrameDecoder::decode_interval(const VCL::KeyFrame&, const VCL::KeyFrame&, const std::vector<unsigned int>&)':
#35 5.361 /vdms/src/vcl/KeyFrame.cc:331:34: warning: comparison of integer expressions of different signedness: 'int' and 'unsigned int' [-Wsign-compare]
#35 5.361   331 |       } while (pkt->stream_index != _fctx.video_stream_idx);
#35 5.361       |                ~~~~~~~~~~~~~~~~~~^~~~~~~~~~~~~~~~~~~~~~~~~
#35 5.363 /vdms/src/vcl/KeyFrame.cc: In member function 'int VCL::KeyFrameDecoder::populate_intervals(const VCL::KeyFrameList&)':
#35 5.363 /vdms/src/vcl/KeyFrame.cc:407:22: warning: comparison of integer expressions of different signedness: 'int' and 'std::vector<VCL::KeyFrame>::size_type' {aka 'long unsigned int'} [-Wsign-compare]
#35 5.363   407 |   for (auto i = 0; i < sorted_frame_list.size() - 1; ++i) {
#35 5.363       |                    ~~^~~~~~~~~~~~~~~~~~~~~~~~~~~~~~
#35 5.389 In file included from /vdms/src/pmgd/src/../include/iterator.h:36,
#35 5.389                  from /vdms/src/pmgd/src/../include/graph.h:34,
#35 5.389                  from /vdms/src/pmgd/src/GraphConfig.h:35,
#35 5.389                  from /vdms/src/pmgd/src/TransactionManager.h:38,
#35 5.389                  from /vdms/src/pmgd/src/TransactionImpl.h:37,
#35 5.389                  from /vdms/src/pmgd/src/FixedAllocator.h:34,
#35 5.389                  from /vdms/src/pmgd/src/AllocatorUnit.h:37,
#35 5.389                  from /vdms/src/pmgd/src/FixSizeAllocator.cc:34:
#35 5.389 /vdms/src/pmgd/src/../include/property.h: In constructor 'PMGD::Time::Time()':
#35 5.389 /vdms/src/pmgd/src/../include/property.h:70:24: warning: 'void* memset(void*, int, size_t)' clearing an object of non-trivial type 'struct PMGD::Time'; use assignment or value-initialization instead [-Wclass-memaccess]
#35 5.389    70 |         Time() { memset(this, 0, sizeof(Time)); }
#35 5.389       |                  ~~~~~~^~~~~~~~~~~~~~~~~~~~~~~
#35 5.389 /vdms/src/pmgd/src/../include/property.h:45:12: note: 'struct PMGD::Time' declared here
#35 5.389    45 |     struct Time {
#35 5.389       |            ^~~~
#35 5.410 In file included from /vdms/src/pmgd/src/../include/iterator.h:36,
#35 5.410                  from /vdms/src/pmgd/src/../include/graph.h:34,
#35 5.410                  from /vdms/src/pmgd/src/GraphConfig.h:35,
#35 5.410                  from /vdms/src/pmgd/src/TransactionManager.h:38,
#35 5.410                  from /vdms/src/pmgd/src/TransactionImpl.h:37,
#35 5.410                  from /vdms/src/pmgd/src/FixedAllocator.h:34,
#35 5.410                  from /vdms/src/pmgd/src/AllocatorUnit.h:37,
#35 5.410                  from /vdms/src/pmgd/src/FlexFixedAllocator.cc:34:
#35 5.410 /vdms/src/pmgd/src/../include/property.h: In constructor 'PMGD::Time::Time()':
#35 5.410 /vdms/src/pmgd/src/../include/property.h:70:24: warning: 'void* memset(void*, int, size_t)' clearing an object of non-trivial type 'struct PMGD::Time'; use assignment or value-initialization instead [-Wclass-memaccess]
#35 5.410    70 |         Time() { memset(this, 0, sizeof(Time)); }
#35 5.410       |                  ~~~~~~^~~~~~~~~~~~~~~~~~~~~~~
#35 5.410 /vdms/src/pmgd/src/../include/property.h:45:12: note: 'struct PMGD::Time' declared here
#35 5.410    45 |     struct Time {
#35 5.410       |            ^~~~
#35 5.659 [ 40%] Building CXX object src/pmgd/java/CMakeFiles/pmgd-jni.dir/Edge.cc.o
#35 5.660 cd /vdms/build/src/pmgd/java && /usr/bin/c++  -I/vdms/build -I/vdms/src/pmgd/java/../include -I/vdms/src/pmgd/java/../util -I/vdms/build/src/pmgd/java -I/usr/lib/jvm/java-17-openjdk-amd64/include -I/usr/lib/jvm/java-17-openjdk-amd64/include/linux -Wall -std=c++14 -g -fPIC -std=c++17 -MD -MT src/pmgd/java/CMakeFiles/pmgd-jni.dir/Edge.cc.o -MF CMakeFiles/pmgd-jni.dir/Edge.cc.o.d -o CMakeFiles/pmgd-jni.dir/Edge.cc.o -c /vdms/src/pmgd/java/Edge.cc
#35 5.811 [ 40%] Building CXX object src/vcl/CMakeFiles/vcl.dir/TDBDescriptorSet.cc.o
#35 5.811 cd /vdms/build/src/vcl && /usr/bin/c++ -Dvcl_EXPORTS -I/vdms/build -I/vdms/src/vcl/../../include -I/vdms/src/vcl/. -I/usr/include/jsoncpp -I/vdms/src/vcl/../../utils/include -isystem /usr/local/include/opencv4 -Wall -Wall -Wextra -std=gnu++17 -fPIC -g -fPIC -std=c++17 -Wno-deprecated-declarations -MD -MT src/vcl/CMakeFiles/vcl.dir/TDBDescriptorSet.cc.o -MF CMakeFiles/vcl.dir/TDBDescriptorSet.cc.o.d -o CMakeFiles/vcl.dir/TDBDescriptorSet.cc.o -c /vdms/src/vcl/TDBDescriptorSet.cc
#35 5.852 [ 40%] Building CXX object src/pmgd/java/CMakeFiles/pmgd-jni.dir/EdgeIterator.cc.o
#35 5.853 cd /vdms/build/src/pmgd/java && /usr/bin/c++  -I/vdms/build -I/vdms/src/pmgd/java/../include -I/vdms/src/pmgd/java/../util -I/vdms/build/src/pmgd/java -I/usr/lib/jvm/java-17-openjdk-amd64/include -I/usr/lib/jvm/java-17-openjdk-amd64/include/linux -Wall -std=c++14 -g -fPIC -std=c++17 -MD -MT src/pmgd/java/CMakeFiles/pmgd-jni.dir/EdgeIterator.cc.o -MF CMakeFiles/pmgd-jni.dir/EdgeIterator.cc.o.d -o CMakeFiles/pmgd-jni.dir/EdgeIterator.cc.o -c /vdms/src/pmgd/java/EdgeIterator.cc
#35 5.869 In file included from /vdms/src/pmgd/java/../include/pmgd.h:38,
#35 5.869                  from /vdms/src/pmgd/java/Edge.cc:31:
#35 5.869 /vdms/src/pmgd/java/../include/property.h: In constructor 'PMGD::Time::Time()':
#35 5.869 /vdms/src/pmgd/java/../include/property.h:70:24: warning: 'void* memset(void*, int, size_t)' clearing an object of non-trivial type 'struct PMGD::Time'; use assignment or value-initialization instead [-Wclass-memaccess]
#35 5.869    70 |         Time() { memset(this, 0, sizeof(Time)); }
#35 5.869       |                  ~~~~~~^~~~~~~~~~~~~~~~~~~~~~~
#35 5.869 /vdms/src/pmgd/java/../include/property.h:45:12: note: 'struct PMGD::Time' declared here
#35 5.869    45 |     struct Time {
#35 5.869       |            ^~~~
#35 5.897 /vdms/src/pmgd/src/graph.cc: In constructor 'PMGD::GraphImpl::GraphInit::GraphInit(const char*, int, const PMGD::Graph::Config*)':
#35 5.897 /vdms/src/pmgd/src/graph.cc:163:23: warning: narrowing conversion of '(options & ((int)PMGD::Graph::Create))' from 'int' to 'bool' [-Wnarrowing]
#35 5.897   163 |     : params{(options & Graph::Create), (options & Graph::ReadOnly),
#35 5.897       |              ~~~~~~~~~^~~~~~~~~~~~~~~~
#35 5.897 /vdms/src/pmgd/src/graph.cc:163:50: warning: narrowing conversion of '(options & ((int)PMGD::Graph::ReadOnly))' from 'int' to 'bool' [-Wnarrowing]
#35 5.897   163 |     : params{(options & Graph::Create), (options & Graph::ReadOnly),
#35 5.897       |                                         ~~~~~~~~~^~~~~~~~~~~~~~~~~~
#35 5.959 [ 41%] Building CXX object src/vcl/CMakeFiles/vcl.dir/TDBImage.cc.o
#35 5.960 cd /vdms/build/src/vcl && /usr/bin/c++ -Dvcl_EXPORTS -I/vdms/build -I/vdms/src/vcl/../../include -I/vdms/src/vcl/. -I/usr/include/jsoncpp -I/vdms/src/vcl/../../utils/include -isystem /usr/local/include/opencv4 -Wall -Wall -Wextra -std=gnu++17 -fPIC -g -fPIC -std=c++17 -Wno-deprecated-declarations -MD -MT src/vcl/CMakeFiles/vcl.dir/TDBImage.cc.o -MF CMakeFiles/vcl.dir/TDBImage.cc.o.d -o CMakeFiles/vcl.dir/TDBImage.cc.o -c /vdms/src/vcl/TDBImage.cc
#35 6.001 [ 41%] Building CXX object src/vcl/CMakeFiles/vcl.dir/TDBObject.cc.o
#35 6.002 cd /vdms/build/src/vcl && /usr/bin/c++ -Dvcl_EXPORTS -I/vdms/build -I/vdms/src/vcl/../../include -I/vdms/src/vcl/. -I/usr/include/jsoncpp -I/vdms/src/vcl/../../utils/include -isystem /usr/local/include/opencv4 -Wall -Wall -Wextra -std=gnu++17 -fPIC -g -fPIC -std=c++17 -Wno-deprecated-declarations -MD -MT src/vcl/CMakeFiles/vcl.dir/TDBObject.cc.o -MF CMakeFiles/vcl.dir/TDBObject.cc.o.d -o CMakeFiles/vcl.dir/TDBObject.cc.o -c /vdms/src/vcl/TDBObject.cc
#35 6.011 /vdms/src/pmgd/src/GraphConfig.cc: In constructor 'PMGD::Graph::Config::Config()':
#35 6.011 /vdms/src/pmgd/src/GraphConfig.cc:66:11: warning: 'void* memset(void*, int, size_t)' clearing an object of type 'struct PMGD::Graph::Config' with no trivial copy-assignment; use assignment or value-initialization instead [-Wclass-memaccess]
#35 6.011    66 |     memset(this, 0, offsetof(Config, locale_name));
#35 6.011       |     ~~~~~~^~~~~~~~~~~~~~~~~~~~~~~~~~~~~~~~~~~~~~~~
#35 6.011 /vdms/src/pmgd/src/../include/graph.h:55:16: note: 'struct PMGD::Graph::Config' declared here
#35 6.011    55 |         struct Config {
#35 6.011       |                ^~~~~~
#35 6.019 [ 41%] Building CXX object src/vcl/CMakeFiles/vcl.dir/TDBSparseDescriptorSet.cc.o
#35 6.020 cd /vdms/build/src/vcl && /usr/bin/c++ -Dvcl_EXPORTS -I/vdms/build -I/vdms/src/vcl/../../include -I/vdms/src/vcl/. -I/usr/include/jsoncpp -I/vdms/src/vcl/../../utils/include -isystem /usr/local/include/opencv4 -Wall -Wall -Wextra -std=gnu++17 -fPIC -g -fPIC -std=c++17 -Wno-deprecated-declarations -MD -MT src/vcl/CMakeFiles/vcl.dir/TDBSparseDescriptorSet.cc.o -MF CMakeFiles/vcl.dir/TDBSparseDescriptorSet.cc.o.d -o CMakeFiles/vcl.dir/TDBSparseDescriptorSet.cc.o -c /vdms/src/vcl/TDBSparseDescriptorSet.cc
#35 6.065 In file included from /vdms/src/pmgd/java/../include/pmgd.h:38,
#35 6.065                  from /vdms/src/pmgd/java/EdgeIterator.cc:30:
#35 6.065 /vdms/src/pmgd/java/../include/property.h: In constructor 'PMGD::Time::Time()':
#35 6.065 /vdms/src/pmgd/java/../include/property.h:70:24: warning: 'void* memset(void*, int, size_t)' clearing an object of non-trivial type 'struct PMGD::Time'; use assignment or value-initialization instead [-Wclass-memaccess]
#35 6.065    70 |         Time() { memset(this, 0, sizeof(Time)); }
#35 6.065       |                  ~~~~~~^~~~~~~~~~~~~~~~~~~~~~~
#35 6.065 /vdms/src/pmgd/java/../include/property.h:45:12: note: 'struct PMGD::Time' declared here
#35 6.065    45 |     struct Time {
#35 6.065       |            ^~~~
#35 6.072 /vdms/src/vcl/TDBDescriptorSet.cc:96: warning: ignoring '#pragma omp parallel' [-Wunknown-pragmas]
#35 6.072    96 | #pragma omp parallel for
#35 6.072       | 
#35 6.119 [ 41%] Building CXX object src/pmgd/java/CMakeFiles/pmgd-jni.dir/Exception.cc.o
#35 6.120 cd /vdms/build/src/pmgd/java && /usr/bin/c++  -I/vdms/build -I/vdms/src/pmgd/java/../include -I/vdms/src/pmgd/java/../util -I/vdms/build/src/pmgd/java -I/usr/lib/jvm/java-17-openjdk-amd64/include -I/usr/lib/jvm/java-17-openjdk-amd64/include/linux -Wall -std=c++14 -g -fPIC -std=c++17 -MD -MT src/pmgd/java/CMakeFiles/pmgd-jni.dir/Exception.cc.o -MF CMakeFiles/pmgd-jni.dir/Exception.cc.o.d -o CMakeFiles/pmgd-jni.dir/Exception.cc.o -c /vdms/src/pmgd/java/Exception.cc
#35 6.236 make[2]: Leaving directory '/vdms/build'
#35 6.238 /vdms/src/vcl/TDBObject.cc:42: warning: "UCHAR_MAX" redefined
#35 6.238    42 | #define UCHAR_MAX 256
#35 6.238       | 
#35 6.238 In file included from /usr/local/include/aws/common/math.h:12,
#35 6.238                  from /usr/local/include/aws/common/array_list.h:9,
#35 6.238                  from /usr/local/include/aws/common/byte_buf.h:8,
#35 6.238                  from /usr/local/include/aws/common/thread.h:8,
#35 6.238                  from /usr/local/include/aws/common/logging.h:11,
#35 6.238                  from /usr/local/include/aws/core/utils/logging/CRTLogSystem.h:10,
#35 6.238                  from /usr/local/include/aws/core/Aws.h:9,
#35 6.238                  from /vdms/src/vcl/../../include/vcl/RemoteConnection.h:41,
#35 6.238                  from /vdms/src/vcl/TDBObject.h:42,
#35 6.238                  from /vdms/src/vcl/TDBObject.cc:37:
#35 6.238 /usr/lib/gcc/x86_64-linux-gnu/12/include/limits.h:82: note: this is the location of the previous definition
#35 6.238    82 | # define UCHAR_MAX (SCHAR_MAX * 2 + 1)
#35 6.238       | 
#35 6.241 [ 41%] Built target vdms_protobuf
#35 6.248 [ 42%] Building CXX object src/vcl/CMakeFiles/vcl.dir/utils.cc.o
#35 6.248 cd /vdms/build/src/vcl && /usr/bin/c++ -Dvcl_EXPORTS -I/vdms/build -I/vdms/src/vcl/../../include -I/vdms/src/vcl/. -I/usr/include/jsoncpp -I/vdms/src/vcl/../../utils/include -isystem /usr/local/include/opencv4 -Wall -Wall -Wextra -std=gnu++17 -fPIC -g -fPIC -std=c++17 -Wno-deprecated-declarations -MD -MT src/vcl/CMakeFiles/vcl.dir/utils.cc.o -MF CMakeFiles/vcl.dir/utils.cc.o.d -o CMakeFiles/vcl.dir/utils.cc.o -c /vdms/src/vcl/utils.cc
#35 6.249 [ 42%] Building CXX object src/vcl/CMakeFiles/vcl.dir/Video.cc.o
#35 6.249 cd /vdms/build/src/vcl && /usr/bin/c++ -Dvcl_EXPORTS -I/vdms/build -I/vdms/src/vcl/../../include -I/vdms/src/vcl/. -I/usr/include/jsoncpp -I/vdms/src/vcl/../../utils/include -isystem /usr/local/include/opencv4 -Wall -Wall -Wextra -std=gnu++17 -fPIC -g -fPIC -std=c++17 -Wno-deprecated-declarations -MD -MT src/vcl/CMakeFiles/vcl.dir/Video.cc.o -MF CMakeFiles/vcl.dir/Video.cc.o.d -o CMakeFiles/vcl.dir/Video.cc.o -c /vdms/src/vcl/Video.cc
#35 6.286 In file included from /vdms/src/vcl/../../include/vcl/VCL.h:36,
#35 6.286                  from /vdms/src/vcl/TDBImage.cc:41:
#35 6.286 /vdms/src/vcl/../../include/vcl/Image.h:253:1: warning: "/*" within comment [-Wcomment]
#35 6.286   253 | /**
#35 6.286       |  
#35 6.286 /vdms/src/vcl/TDBSparseDescriptorSet.cc:194: warning: ignoring '#pragma omp parallel' [-Wunknown-pragmas]
#35 6.286   194 | #pragma omp parallel for
#35 6.286       | 
#35 6.286 /vdms/src/vcl/TDBSparseDescriptorSet.cc:327: warning: ignoring '#pragma omp parallel' [-Wunknown-pragmas]
#35 6.286   327 | #pragma omp parallel for
#35 6.286       | 
#35 6.286 /vdms/src/vcl/TDBSparseDescriptorSet.cc:389: warning: ignoring '#pragma omp parallel' [-Wunknown-pragmas]
#35 6.286   389 | #pragma omp parallel for
#35 6.286       | 
#35 6.309 [ 43%] Building CXX object src/pmgd/java/CMakeFiles/pmgd-jni.dir/Graph.cc.o
#35 6.309 cd /vdms/build/src/pmgd/java && /usr/bin/c++  -I/vdms/build -I/vdms/src/pmgd/java/../include -I/vdms/src/pmgd/java/../util -I/vdms/build/src/pmgd/java -I/usr/lib/jvm/java-17-openjdk-amd64/include -I/usr/lib/jvm/java-17-openjdk-amd64/include/linux -Wall -std=c++14 -g -fPIC -std=c++17 -MD -MT src/pmgd/java/CMakeFiles/pmgd-jni.dir/Graph.cc.o -MF CMakeFiles/pmgd-jni.dir/Graph.cc.o.d -o CMakeFiles/pmgd-jni.dir/Graph.cc.o -c /vdms/src/pmgd/java/Graph.cc
#35 6.354 In file included from /vdms/src/pmgd/java/../include/pmgd.h:38,
#35 6.354                  from /vdms/src/pmgd/java/common.h:34,
#35 6.354                  from /vdms/src/pmgd/java/Exception.cc:32:
#35 6.354 /vdms/src/pmgd/java/../include/property.h: In constructor 'PMGD::Time::Time()':
#35 6.354 /vdms/src/pmgd/java/../include/property.h:70:24: warning: 'void* memset(void*, int, size_t)' clearing an object of non-trivial type 'struct PMGD::Time'; use assignment or value-initialization instead [-Wclass-memaccess]
#35 6.354    70 |         Time() { memset(this, 0, sizeof(Time)); }
#35 6.354       |                  ~~~~~~^~~~~~~~~~~~~~~~~~~~~~~
#35 6.354 /vdms/src/pmgd/java/../include/property.h:45:12: note: 'struct PMGD::Time' declared here
#35 6.354    45 |     struct Time {
#35 6.354       |            ^~~~
#35 6.355 [ 43%] Building CXX object src/vcl/CMakeFiles/vcl.dir/CustomVCL.cc.o
#35 6.355 cd /vdms/build/src/vcl && /usr/bin/c++ -Dvcl_EXPORTS -I/vdms/build -I/vdms/src/vcl/../../include -I/vdms/src/vcl/. -I/usr/include/jsoncpp -I/vdms/src/vcl/../../utils/include -isystem /usr/local/include/opencv4 -Wall -Wall -Wextra -std=gnu++17 -fPIC -g -fPIC -std=c++17 -Wno-deprecated-declarations -MD -MT src/vcl/CMakeFiles/vcl.dir/CustomVCL.cc.o -MF CMakeFiles/vcl.dir/CustomVCL.cc.o.d -o CMakeFiles/vcl.dir/CustomVCL.cc.o -c /vdms/src/vcl/CustomVCL.cc
#35 6.371 [ 44%] Building CXX object src/vcl/CMakeFiles/vcl.dir/RemoteConnection.cc.o
#35 6.372 cd /vdms/build/src/vcl && /usr/bin/c++ -Dvcl_EXPORTS -I/vdms/build -I/vdms/src/vcl/../../include -I/vdms/src/vcl/. -I/usr/include/jsoncpp -I/vdms/src/vcl/../../utils/include -isystem /usr/local/include/opencv4 -Wall -Wall -Wextra -std=gnu++17 -fPIC -g -fPIC -std=c++17 -Wno-deprecated-declarations -MD -MT src/vcl/CMakeFiles/vcl.dir/RemoteConnection.cc.o -MF CMakeFiles/vcl.dir/RemoteConnection.cc.o.d -o CMakeFiles/vcl.dir/RemoteConnection.cc.o -c /vdms/src/vcl/RemoteConnection.cc
#35 6.466 [ 44%] Building CXX object src/vcl/CMakeFiles/vcl.dir/__/__/utils/src/timers/TimerMap.cc.o
#35 6.467 cd /vdms/build/src/vcl && /usr/bin/c++ -Dvcl_EXPORTS -I/vdms/build -I/vdms/src/vcl/../../include -I/vdms/src/vcl/. -I/usr/include/jsoncpp -I/vdms/src/vcl/../../utils/include -isystem /usr/local/include/opencv4 -Wall -Wall -Wextra -std=gnu++17 -fPIC -g -fPIC -std=c++17 -Wno-deprecated-declarations -MD -MT src/vcl/CMakeFiles/vcl.dir/__/__/utils/src/timers/TimerMap.cc.o -MF CMakeFiles/vcl.dir/__/__/utils/src/timers/TimerMap.cc.o.d -o CMakeFiles/vcl.dir/__/__/utils/src/timers/TimerMap.cc.o -c /vdms/utils/src/timers/TimerMap.cc
#35 6.522 In file included from /vdms/src/pmgd/java/../include/pmgd.h:38,
#35 6.522                  from /vdms/src/pmgd/java/Graph.cc:31:
#35 6.522 /vdms/src/pmgd/java/../include/property.h: In constructor 'PMGD::Time::Time()':
#35 6.522 /vdms/src/pmgd/java/../include/property.h:70:24: warning: 'void* memset(void*, int, size_t)' clearing an object of non-trivial type 'struct PMGD::Time'; use assignment or value-initialization instead [-Wclass-memaccess]
#35 6.522    70 |         Time() { memset(this, 0, sizeof(Time)); }
#35 6.522       |                  ~~~~~~^~~~~~~~~~~~~~~~~~~~~~~
#35 6.522 /vdms/src/pmgd/java/../include/property.h:45:12: note: 'struct PMGD::Time' declared here
#35 6.522    45 |     struct Time {
#35 6.522       |            ^~~~
#35 6.556 make  -f client/cpp/CMakeFiles/vdms-client.dir/build.make client/cpp/CMakeFiles/vdms-client.dir/depend
#35 6.558 make[2]: Entering directory '/vdms/build'
#35 6.558 cd /vdms/build && /usr/local/bin/cmake -E cmake_depends "Unix Makefiles" /vdms /vdms/client/cpp /vdms/build /vdms/build/client/cpp /vdms/build/client/cpp/CMakeFiles/vdms-client.dir/DependInfo.cmake "--color="
#35 6.564 make[2]: Leaving directory '/vdms/build'
#35 6.564 make  -f client/cpp/CMakeFiles/vdms-client.dir/build.make client/cpp/CMakeFiles/vdms-client.dir/build
#35 6.566 make[2]: Entering directory '/vdms/build'
#35 6.571 [ 44%] Building CXX object client/cpp/CMakeFiles/vdms-client.dir/VDMSClient.cc.o
#35 6.572 cd /vdms/build/client/cpp && /usr/bin/c++ -DPROTOBUF_USE_DLLS -Dvdms_client_EXPORTS -I/vdms/build -I/vdms/client/cpp/../../utils/include -Wall -std=gnu++17 -fPIC -g -fPIC -std=c++17 -MD -MT client/cpp/CMakeFiles/vdms-client.dir/VDMSClient.cc.o -MF CMakeFiles/vdms-client.dir/VDMSClient.cc.o.d -o CMakeFiles/vdms-client.dir/VDMSClient.cc.o -c /vdms/client/cpp/VDMSClient.cc
#35 6.572 In file included from /vdms/src/vcl/utils.cc:37:
#35 6.572 /vdms/src/vcl/../../include/vcl/Image.h:253:1: warning: "/*" within comment [-Wcomment]
#35 6.572   253 | /**
#35 6.572       |  
#35 6.595 In file included from /vdms/src/vcl/../../include/vcl/Video.h:44,
#35 6.595                  from /vdms/src/vcl/Video.cc:35:
#35 6.595 /vdms/src/vcl/../../include/vcl/Image.h:253:1: warning: "/*" within comment [-Wcomment]
#35 6.595   253 | /**
#35 6.595       |  
#35 6.688 [ 44%] Building CXX object src/pmgd/java/CMakeFiles/pmgd-jni.dir/Node.cc.o
#35 6.689 cd /vdms/build/src/pmgd/java && /usr/bin/c++  -I/vdms/build -I/vdms/src/pmgd/java/../include -I/vdms/src/pmgd/java/../util -I/vdms/build/src/pmgd/java -I/usr/lib/jvm/java-17-openjdk-amd64/include -I/usr/lib/jvm/java-17-openjdk-amd64/include/linux -Wall -std=c++14 -g -fPIC -std=c++17 -MD -MT src/pmgd/java/CMakeFiles/pmgd-jni.dir/Node.cc.o -MF CMakeFiles/pmgd-jni.dir/Node.cc.o.d -o CMakeFiles/pmgd-jni.dir/Node.cc.o -c /vdms/src/pmgd/java/Node.cc
#35 6.734 In file included from /vdms/src/vcl/./../ExceptionsCommand.h:34,
#35 6.734                  from /vdms/src/vcl/../../include/vcl/CustomVCL.h:15,
#35 6.734                  from /vdms/src/vcl/CustomVCL.cc:1:
#35 6.734 /vdms/src/vcl/../../include/vcl/Image.h:253:1: warning: "/*" within comment [-Wcomment]
#35 6.734   253 | /**
#35 6.734       |  
#35 6.830 [ 44%] Building CXX object src/pmgd/src/CMakeFiles/pmgd.dir/IndexManager.cc.o
#35 6.830 cd /vdms/build/src/pmgd/src && /usr/bin/c++ -DCOMMIT_ID=\"632192f\" -Dpmgd_EXPORTS -I/vdms/build -I/vdms/src/pmgd/src/../include -Wall -std=c++14 -fPIC -g -fPIC -std=c++17 -MD -MT src/pmgd/src/CMakeFiles/pmgd.dir/IndexManager.cc.o -MF CMakeFiles/pmgd.dir/IndexManager.cc.o.d -o CMakeFiles/pmgd.dir/IndexManager.cc.o -c /vdms/src/pmgd/src/IndexManager.cc
#35 6.873 In file included from /vdms/src/vcl/./../PMGDQueryHandler.h:40,
#35 6.873                  from /vdms/src/vcl/./../PMGDQuery.h:35,
#35 6.873                  from /vdms/src/vcl/./../RSCommand.h:39,
#35 6.873                  from /vdms/src/vcl/./../ExceptionsCommand.h:40:
#35 6.873 /vdms/src/vcl/./../AutoDeleteNode.h:41:10: fatal error: iterator.h: No such file or directory
#35 6.873    41 | #include "iterator.h"
#35 6.873       |          ^~~~~~~~~~~~
#35 6.873 compilation terminated.
#35 6.890 make[2]: *** [src/vcl/CMakeFiles/vcl.dir/build.make:286: src/vcl/CMakeFiles/vcl.dir/CustomVCL.cc.o] Error 1
#35 6.890 make[2]: *** Waiting for unfinished jobs....
#35 6.896 [ 45%] Building CXX object src/pmgd/src/CMakeFiles/pmgd.dir/IndexString.cc.o
#35 6.896 cd /vdms/build/src/pmgd/src && /usr/bin/c++ -DCOMMIT_ID=\"632192f\" -Dpmgd_EXPORTS -I/vdms/build -I/vdms/src/pmgd/src/../include -Wall -std=c++14 -fPIC -g -fPIC -std=c++17 -MD -MT src/pmgd/src/CMakeFiles/pmgd.dir/IndexString.cc.o -MF CMakeFiles/pmgd.dir/IndexString.cc.o.d -o CMakeFiles/pmgd.dir/IndexString.cc.o -c /vdms/src/pmgd/src/IndexString.cc
#35 6.898 In file included from /vdms/src/pmgd/java/../include/pmgd.h:38,
#35 6.898                  from /vdms/src/pmgd/java/Node.cc:31:
#35 6.898 /vdms/src/pmgd/java/../include/property.h: In constructor 'PMGD::Time::Time()':
#35 6.898 /vdms/src/pmgd/java/../include/property.h:70:24: warning: 'void* memset(void*, int, size_t)' clearing an object of non-trivial type 'struct PMGD::Time'; use assignment or value-initialization instead [-Wclass-memaccess]
#35 6.898    70 |         Time() { memset(this, 0, sizeof(Time)); }
#35 6.898       |                  ~~~~~~^~~~~~~~~~~~~~~~~~~~~~~
#35 6.898 /vdms/src/pmgd/java/../include/property.h:45:12: note: 'struct PMGD::Time' declared here
#35 6.898    45 |     struct Time {
#35 6.898       |            ^~~~
#35 6.904 /vdms/utils/src/timers/TimerMap.cc: In member function 'std::vector<long long int> TimerMap::return_all_timestamps(std::string)':
#35 6.904 /vdms/utils/src/timers/TimerMap.cc:67:19: warning: comparison of integer expressions of different signedness: 'int' and 'std::vector<std::chrono::time_point<std::chrono::_V2::steady_clock, std::chrono::duration<long int, std::ratio<1, 1000000000> > > >::size_type' {aka 'long unsigned int'} [-Wsign-compare]
#35 6.904    67 |     for (i = 0; i < timestamps->size(); i++) {
#35 6.904       |                 ~~^~~~~~~~~~~~~~~~~~~~
#35 6.910 /vdms/utils/src/timers/TimerMap.cc: In member function 'std::vector<double> TimerMap::return_intervals(std::string)':
#35 6.910 /vdms/utils/src/timers/TimerMap.cc:91:23: warning: comparison of integer expressions of different signedness: 'int' and 'std::vector<std::chrono::time_point<std::chrono::_V2::steady_clock, std::chrono::duration<long int, std::ratio<1, 1000000000> > > >::size_type' {aka 'long unsigned int'} [-Wsign-compare]
#35 6.910    91 |     for (int i = 0; i < timestamps->size(); i++) {
#35 6.910       |                     ~~^~~~~~~~~~~~~~~~~~~~
#35 6.910 /vdms/utils/src/timers/TimerMap.cc:95:13: warning: comparison of integer expressions of different signedness: 'int' and 'std::vector<std::chrono::time_point<std::chrono::_V2::steady_clock, std::chrono::duration<long int, std::ratio<1, 1000000000> > > >::size_type' {aka 'long unsigned int'} [-Wsign-compare]
#35 6.910    95 |       if (i < timestamps->size() - 1) {
#35 6.910       |           ~~^~~~~~~~~~~~~~~~~~~~~~~~
#35 6.918 /vdms/utils/src/timers/TimerMap.cc: In member function 'void TimerMap::print_map_runtimes()':
#35 6.918 /vdms/utils/src/timers/TimerMap.cc:156:21: warning: comparison of integer expressions of different signedness: 'int' and 'std::vector<std::__cxx11::basic_string<char> >::size_type' {aka 'long unsigned int'} [-Wsign-compare]
#35 6.918   156 |   for (int i = 0; i < timer_id_list.size(); i++) {
#35 6.918       |                   ~~^~~~~~~~~~~~~~~~~~~~~~
#35 6.919 /vdms/utils/src/timers/TimerMap.cc: In destructor 'TimerMap::~TimerMap()':
#35 6.919 /vdms/utils/src/timers/TimerMap.cc:170:17: warning: comparison of integer expressions of different signedness: 'int' and 'std::vector<std::__cxx11::basic_string<char> >::size_type' {aka 'long unsigned int'} [-Wsign-compare]
#35 6.919   170 |   for (i = 0; i < timerids.size(); i++) {
#35 6.919       |               ~~^~~~~~~~~~~~~~~~~
#35 6.926 [ 45%] Building CXX object src/pmgd/src/CMakeFiles/pmgd.dir/linux.cc.o
#35 6.927 cd /vdms/build/src/pmgd/src && /usr/bin/c++ -DCOMMIT_ID=\"632192f\" -Dpmgd_EXPORTS -I/vdms/build -I/vdms/src/pmgd/src/../include -Wall -std=c++14 -fPIC -g -fPIC -std=c++17 -MD -MT src/pmgd/src/CMakeFiles/pmgd.dir/linux.cc.o -MF CMakeFiles/pmgd.dir/linux.cc.o.d -o CMakeFiles/pmgd.dir/linux.cc.o -c /vdms/src/pmgd/src/linux.cc
#35 7.026 [ 46%] Building CXX object client/cpp/CMakeFiles/vdms-client.dir/CSVParserUtil.cpp.o
#35 7.027 cd /vdms/build/client/cpp && /usr/bin/c++ -DPROTOBUF_USE_DLLS -Dvdms_client_EXPORTS -I/vdms/build -I/vdms/client/cpp/../../utils/include -Wall -std=gnu++17 -fPIC -g -fPIC -std=c++17 -MD -MT client/cpp/CMakeFiles/vdms-client.dir/CSVParserUtil.cpp.o -MF CMakeFiles/vdms-client.dir/CSVParserUtil.cpp.o.d -o CMakeFiles/vdms-client.dir/CSVParserUtil.cpp.o -c /vdms/client/cpp/CSVParserUtil.cpp
#35 7.127 In file included from /vdms/src/vcl/Image.cc:43:
#35 7.127 /vdms/src/vcl/../VDMSConfig.h:138:3: warning: type qualifiers ignored on function return type [-Wignored-qualifiers]
#35 7.127   138 |   const Aws::Utils::Logging::LogLevel get_aws_log_level() {
#35 7.127       |   ^~~~~
#35 7.135 /vdms/src/vcl/../../include/vcl/Image.h: In constructor 'VCL::Image::Write::Write(const std::string&, VCL::Format, VCL::Format, bool)':
#35 7.135 /vdms/src/vcl/../../include/vcl/Image.h:681:10: warning: 'VCL::Image::Write::_metadata' will be initialized after [-Wreorder]
#35 7.135   681 |     bool _metadata;
#35 7.135       |          ^~~~~~~~~
#35 7.135 /vdms/src/vcl/../../include/vcl/Image.h:677:17: warning:   'std::string VCL::Image::Write::_fullpath' [-Wreorder]
#35 7.135   677 |     std::string _fullpath;
#35 7.135       |                 ^~~~~~~~~
#35 7.135 /vdms/src/vcl/Image.cc:110:1: warning:   when initialized here [-Wreorder]
#35 7.135   110 | Image::Write::Write(const std::string &filename, VCL::Format format,
#35 7.135       | ^~~~~
#35 7.151 /vdms/src/vcl/Image.cc: In member function 'virtual void VCL::Image::SyncRemoteOperation::operator()(VCL::Image*)':
#35 7.151 /vdms/src/vcl/Image.cc:408:16: warning: variable 'opstart' set but not used [-Wunused-but-set-variable]
#35 7.151   408 |           auto opstart = std::chrono::system_clock::now();
#35 7.151       |                ^~~~~~~
#35 7.151 /vdms/src/vcl/Image.cc:378:18: warning: variable 'res' set but not used [-Wunused-but-set-variable]
#35 7.151   378 |         CURLcode res;
#35 7.151       |                  ^~~
#35 7.151 /vdms/src/vcl/Image.cc:379:28: warning: unused variable 'headers' [-Wunused-variable]
#35 7.151   379 |         struct curl_slist *headers = NULL;
#35 7.151       |                            ^~~~~~~
#35 7.163 /vdms/src/vcl/Image.cc: In constructor 'VCL::Image::Image(const std::string&, const std::string&, VCL::Format)':
#35 7.163 /vdms/src/vcl/Image.cc:731:33: warning: unused parameter 'filename' [-Wunused-parameter]
#35 7.163   731 | Image::Image(const std::string &filename, const std::string &blob,
#35 7.163       |              ~~~~~~~~~~~~~~~~~~~^~~~~~~~
#35 7.163 /vdms/src/vcl/Image.cc:731:62: warning: unused parameter 'blob' [-Wunused-parameter]
#35 7.163   731 | Image::Image(const std::string &filename, const std::string &blob,
#35 7.163       |                                           ~~~~~~~~~~~~~~~~~~~^~~~
#35 7.168 /vdms/src/vcl/Image.cc: In copy constructor 'VCL::Image::Image(const VCL::Image&, bool)':
#35 7.168 /vdms/src/vcl/Image.cc:828:27: warning: comparison of integer expressions of different signedness: 'int' and 'std::vector<std::shared_ptr<VCL::Image::Operation> >::size_type' {aka 'long unsigned int'} [-Wsign-compare]
#35 7.168   828 |     for (int i = start; i < img._operations.size(); ++i) {
#35 7.168       |                         ~~^~~~~~~~~~~~~~~~~~~~~~~~
#35 7.171 /vdms/src/vcl/Image.cc: In member function 'VCL::Image& VCL::Image::operator=(const VCL::Image&)':
#35 7.171 /vdms/src/vcl/Image.cc:898:27: warning: comparison of integer expressions of different signedness: 'int' and 'std::vector<std::shared_ptr<VCL::Image::Operation> >::size_type' {aka 'long unsigned int'} [-Wsign-compare]
#35 7.171   898 |     for (int i = start; i < img._operations.size(); ++i) {
#35 7.171       |                         ~~^~~~~~~~~~~~~~~~~~~~~~~~
#35 7.188 /vdms/src/vcl/Image.cc: In member function 'void VCL::Image::perform_operations()':
#35 7.188 /vdms/src/vcl/Image.cc:1302:23: warning: comparison of integer expressions of different signedness: 'int' and 'std::vector<std::shared_ptr<VCL::Image::Operation> >::size_type' {aka 'long unsigned int'} [-Wsign-compare]
#35 7.188  1302 |     for (int x = 0; x < _operations.size(); ++x) {
#35 7.188       |                     ~~^~~~~~~~~~~~~~~~~~~~
#35 7.217 In file included from /vdms/src/vcl/utils.cc:35:
#35 7.217 /vdms/src/vcl/../VDMSConfig.h:138:3: warning: type qualifiers ignored on function return type [-Wignored-qualifiers]
#35 7.217   138 |   const Aws::Utils::Logging::LogLevel get_aws_log_level() {
#35 7.217       |   ^~~~~
#35 7.278 In file included from /vdms/src/vcl/Video.cc:33:
#35 7.278 /vdms/src/vcl/../VDMSConfig.h:138:3: warning: type qualifiers ignored on function return type [-Wignored-qualifiers]
#35 7.278   138 |   const Aws::Utils::Logging::LogLevel get_aws_log_level() {
#35 7.278       |   ^~~~~
#35 7.291 [ 46%] Building CXX object src/pmgd/java/CMakeFiles/pmgd-jni.dir/NodeIterator.cc.o
#35 7.292 cd /vdms/build/src/pmgd/java && /usr/bin/c++  -I/vdms/build -I/vdms/src/pmgd/java/../include -I/vdms/src/pmgd/java/../util -I/vdms/build/src/pmgd/java -I/usr/lib/jvm/java-17-openjdk-amd64/include -I/usr/lib/jvm/java-17-openjdk-amd64/include/linux -Wall -std=c++14 -g -fPIC -std=c++17 -MD -MT src/pmgd/java/CMakeFiles/pmgd-jni.dir/NodeIterator.cc.o -MF CMakeFiles/pmgd-jni.dir/NodeIterator.cc.o.d -o CMakeFiles/pmgd-jni.dir/NodeIterator.cc.o -c /vdms/src/pmgd/java/NodeIterator.cc
#35 7.328 [ 47%] Building CXX object src/pmgd/java/CMakeFiles/pmgd-jni.dir/Property.cc.o
#35 7.329 cd /vdms/build/src/pmgd/java && /usr/bin/c++  -I/vdms/build -I/vdms/src/pmgd/java/../include -I/vdms/src/pmgd/java/../util -I/vdms/build/src/pmgd/java -I/usr/lib/jvm/java-17-openjdk-amd64/include -I/usr/lib/jvm/java-17-openjdk-amd64/include/linux -Wall -std=c++14 -g -fPIC -std=c++17 -MD -MT src/pmgd/java/CMakeFiles/pmgd-jni.dir/Property.cc.o -MF CMakeFiles/pmgd-jni.dir/Property.cc.o.d -o CMakeFiles/pmgd-jni.dir/Property.cc.o -c /vdms/src/pmgd/java/Property.cc
#35 7.370 [ 47%] Building CXX object src/pmgd/java/CMakeFiles/pmgd-jni.dir/PropertyIterator.cc.o
#35 7.371 cd /vdms/build/src/pmgd/java && /usr/bin/c++  -I/vdms/build -I/vdms/src/pmgd/java/../include -I/vdms/src/pmgd/java/../util -I/vdms/build/src/pmgd/java -I/usr/lib/jvm/java-17-openjdk-amd64/include -I/usr/lib/jvm/java-17-openjdk-amd64/include/linux -Wall -std=c++14 -g -fPIC -std=c++17 -MD -MT src/pmgd/java/CMakeFiles/pmgd-jni.dir/PropertyIterator.cc.o -MF CMakeFiles/pmgd-jni.dir/PropertyIterator.cc.o.d -o CMakeFiles/pmgd-jni.dir/PropertyIterator.cc.o -c /vdms/src/pmgd/java/PropertyIterator.cc
#35 7.443 In file included from /vdms/src/pmgd/src/../include/iterator.h:36,
#35 7.443                  from /vdms/src/pmgd/src/../include/graph.h:34,
#35 7.443                  from /vdms/src/pmgd/src/GraphImpl.h:34,
#35 7.443                  from /vdms/src/pmgd/src/IndexString.cc:32:
#35 7.443 /vdms/src/pmgd/src/../include/property.h: In constructor 'PMGD::Time::Time()':
#35 7.443 /vdms/src/pmgd/src/../include/property.h:70:24: warning: 'void* memset(void*, int, size_t)' clearing an object of non-trivial type 'struct PMGD::Time'; use assignment or value-initialization instead [-Wclass-memaccess]
#35 7.443    70 |         Time() { memset(this, 0, sizeof(Time)); }
#35 7.443       |                  ~~~~~~^~~~~~~~~~~~~~~~~~~~~~~
#35 7.443 /vdms/src/pmgd/src/../include/property.h:45:12: note: 'struct PMGD::Time' declared here
#35 7.443    45 |     struct Time {
#35 7.443       |            ^~~~
#35 7.500 In file included from /vdms/src/pmgd/java/../include/pmgd.h:38,
#35 7.500                  from /vdms/src/pmgd/java/NodeIterator.cc:31:
#35 7.500 /vdms/src/pmgd/java/../include/property.h: In constructor 'PMGD::Time::Time()':
#35 7.500 /vdms/src/pmgd/java/../include/property.h:70:24: warning: 'void* memset(void*, int, size_t)' clearing an object of non-trivial type 'struct PMGD::Time'; use assignment or value-initialization instead [-Wclass-memaccess]
#35 7.500    70 |         Time() { memset(this, 0, sizeof(Time)); }
#35 7.500       |                  ~~~~~~^~~~~~~~~~~~~~~~~~~~~~~
#35 7.500 /vdms/src/pmgd/java/../include/property.h:45:12: note: 'struct PMGD::Time' declared here
#35 7.500    45 |     struct Time {
#35 7.500       |            ^~~~
#35 7.538 In file included from /vdms/src/pmgd/java/../include/pmgd.h:38,
#35 7.538                  from /vdms/src/pmgd/java/Property.cc:31:
#35 7.538 /vdms/src/pmgd/java/../include/property.h: In constructor 'PMGD::Time::Time()':
#35 7.538 /vdms/src/pmgd/java/../include/property.h:70:24: warning: 'void* memset(void*, int, size_t)' clearing an object of non-trivial type 'struct PMGD::Time'; use assignment or value-initialization instead [-Wclass-memaccess]
#35 7.538    70 |         Time() { memset(this, 0, sizeof(Time)); }
#35 7.538       |                  ~~~~~~^~~~~~~~~~~~~~~~~~~~~~~
#35 7.538 /vdms/src/pmgd/java/../include/property.h:45:12: note: 'struct PMGD::Time' declared here
#35 7.538    45 |     struct Time {
#35 7.538       |            ^~~~
#35 7.580 In file included from /vdms/src/pmgd/java/../include/pmgd.h:38,
#35 7.580                  from /vdms/src/pmgd/java/PropertyIterator.cc:31:
#35 7.580 /vdms/src/pmgd/java/../include/property.h: In constructor 'PMGD::Time::Time()':
#35 7.580 /vdms/src/pmgd/java/../include/property.h:70:24: warning: 'void* memset(void*, int, size_t)' clearing an object of non-trivial type 'struct PMGD::Time'; use assignment or value-initialization instead [-Wclass-memaccess]
#35 7.580    70 |         Time() { memset(this, 0, sizeof(Time)); }
#35 7.580       |                  ~~~~~~^~~~~~~~~~~~~~~~~~~~~~~
#35 7.580 /vdms/src/pmgd/java/../include/property.h:45:12: note: 'struct PMGD::Time' declared here
#35 7.580    45 |     struct Time {
#35 7.580       |            ^~~~
#35 7.783 In file included from /vdms/src/vcl/TDBDescriptorSet.h:45,
#35 7.783                  from /vdms/src/vcl/TDBDenseDescriptorSet.cc:40:
#35 7.783 /vdms/src/vcl/DescriptorSetData.h: In member function 'virtual long int VCL::DescriptorSet::DescriptorSetData::add_and_store(float*, unsigned int, long int*)':
#35 7.783 /vdms/src/vcl/DescriptorSetData.h:153:37: warning: unused parameter 'descriptors' [-Wunused-parameter]
#35 7.783   153 |   virtual long add_and_store(float *descriptors, unsigned n_descriptors,
#35 7.783       |                              ~~~~~~~^~~~~~~~~~~
#35 7.783 /vdms/src/vcl/DescriptorSetData.h:153:59: warning: unused parameter 'n_descriptors' [-Wunused-parameter]
#35 7.783   153 |   virtual long add_and_store(float *descriptors, unsigned n_descriptors,
#35 7.783       |                                                  ~~~~~~~~~^~~~~~~~~~~~~
#35 7.783 /vdms/src/vcl/DescriptorSetData.h:154:36: warning: unused parameter 'labels' [-Wunused-parameter]
#35 7.783   154 |                              long *labels = NULL) {
#35 7.783       |                                    ^
#35 7.783 /vdms/src/vcl/DescriptorSetData.h: In member function 'virtual void VCL::DescriptorSet::DescriptorSetData::search(float*, unsigned int, unsigned int, long int*)':
#35 7.783 /vdms/src/vcl/DescriptorSetData.h:171:30: warning: unused parameter 'query' [-Wunused-parameter]
#35 7.783   171 |   virtual void search(float *query, unsigned n, unsigned k, long *descriptors) {
#35 7.783       |                       ~~~~~~~^~~~~
#35 7.783 /vdms/src/vcl/DescriptorSetData.h:171:46: warning: unused parameter 'n' [-Wunused-parameter]
#35 7.783   171 |   virtual void search(float *query, unsigned n, unsigned k, long *descriptors) {
#35 7.783       |                                     ~~~~~~~~~^
#35 7.783 /vdms/src/vcl/DescriptorSetData.h:171:58: warning: unused parameter 'k' [-Wunused-parameter]
#35 7.783   171 |   virtual void search(float *query, unsigned n, unsigned k, long *descriptors) {
#35 7.783       |                                                 ~~~~~~~~~^
#35 7.783 /vdms/src/vcl/DescriptorSetData.h:171:67: warning: unused parameter 'descriptors' [-Wunused-parameter]
#35 7.783   171 |   virtual void search(float *query, unsigned n, unsigned k, long *descriptors) {
#35 7.783       |                                                             ~~~~~~^~~~~~~~~~~
#35 7.783 /vdms/src/vcl/DescriptorSetData.h: In member function 'virtual void VCL::DescriptorSet::DescriptorSetData::train(float*, unsigned int)':
#35 7.783 /vdms/src/vcl/DescriptorSetData.h:228:29: warning: unused parameter 'descriptors' [-Wunused-parameter]
#35 7.783   228 |   virtual void train(float *descriptors, unsigned n) { train(); }
#35 7.783       |                      ~~~~~~~^~~~~~~~~~~
#35 7.783 /vdms/src/vcl/DescriptorSetData.h:228:51: warning: unused parameter 'n' [-Wunused-parameter]
#35 7.783   228 |   virtual void train(float *descriptors, unsigned n) { train(); }
#35 7.783       |                                          ~~~~~~~~~^
#35 7.794 /vdms/src/vcl/TDBDescriptorSet.h: In member function 'virtual void VCL::TDBDescriptorSet::train(float*, unsigned int)':
#35 7.794 /vdms/src/vcl/TDBDescriptorSet.h:87:29: warning: unused parameter 'descriptors' [-Wunused-parameter]
#35 7.794    87 |   virtual void train(float *descriptors, unsigned n) { train(); }
#35 7.794       |                      ~~~~~~~^~~~~~~~~~~
#35 7.794 /vdms/src/vcl/TDBDescriptorSet.h:87:51: warning: unused parameter 'n' [-Wunused-parameter]
#35 7.794    87 |   virtual void train(float *descriptors, unsigned n) { train(); }
#35 7.794       |                                          ~~~~~~~~~^
#35 7.800 /vdms/src/vcl/TDBDenseDescriptorSet.cc: In constructor 'VCL::TDBDenseDescriptorSet::TDBDenseDescriptorSet(const std::string&, uint32_t, VCL::DistanceMetric)':
#35 7.800 /vdms/src/vcl/TDBDenseDescriptorSet.cc:57:61: warning: unused parameter 'metric' [-Wunused-parameter]
#35 7.800    57 |                                              DistanceMetric metric)
#35 7.800       |                                              ~~~~~~~~~~~~~~~^~~~~~
#35 7.808 /vdms/src/vcl/TDBDenseDescriptorSet.cc: In member function 'virtual void VCL::TDBDenseDescriptorSet::search(float*, unsigned int, unsigned int, long int*, float*)':
#35 7.808 /vdms/src/vcl/TDBDenseDescriptorSet.cc:196:21: warning: comparison of integer expressions of different signedness: 'int' and 'unsigned int' [-Wsign-compare]
#35 7.808   196 |   for (int i = 0; i < n_queries; ++i) {
#35 7.808       |                   ~~^~~~~~~~~~~
#35 7.809 /vdms/src/vcl/TDBDenseDescriptorSet.cc:203:23: warning: comparison of integer expressions of different signedness: 'int' and 'unsigned int' [-Wsign-compare]
#35 7.809   203 |     for (int j = 0; j < k; ++j) {
#35 7.809       |                     ~~^~~
#35 7.810 /vdms/src/vcl/TDBDenseDescriptorSet.cc: In member function 'virtual void VCL::TDBDenseDescriptorSet::get_descriptors(long int*, unsigned int, float*)':
#35 7.810 /vdms/src/vcl/TDBDenseDescriptorSet.cc:216:21: warning: comparison of integer expressions of different signedness: 'int' and 'unsigned int' [-Wsign-compare]
#35 7.810   216 |   for (int i = 0; i < n; ++i) {
#35 7.810       |                   ~~^~~
#35 7.832 In file included from /vdms/src/pmgd/src/../include/iterator.h:36,
#35 7.832                  from /vdms/src/pmgd/src/../include/graph.h:34,
#35 7.832                  from /vdms/src/pmgd/src/GraphConfig.h:35,
#35 7.832                  from /vdms/src/pmgd/src/TransactionManager.h:38,
#35 7.832                  from /vdms/src/pmgd/src/TransactionImpl.h:37,
#35 7.832                  from /vdms/src/pmgd/src/Allocator.h:36,
#35 7.832                  from /vdms/src/pmgd/src/ChunkList.h:34,
#35 7.832                  from /vdms/src/pmgd/src/IndexManager.h:32,
#35 7.832                  from /vdms/src/pmgd/src/IndexManager.cc:31:
#35 7.832 /vdms/src/pmgd/src/../include/property.h: In constructor 'PMGD::Time::Time()':
#35 7.832 /vdms/src/pmgd/src/../include/property.h:70:24: warning: 'void* memset(void*, int, size_t)' clearing an object of non-trivial type 'struct PMGD::Time'; use assignment or value-initialization instead [-Wclass-memaccess]
#35 7.832    70 |         Time() { memset(this, 0, sizeof(Time)); }
#35 7.832       |                  ~~~~~~^~~~~~~~~~~~~~~~~~~~~~~
#35 7.832 /vdms/src/pmgd/src/../include/property.h:45:12: note: 'struct PMGD::Time' declared here
#35 7.832    45 |     struct Time {
#35 7.832       |            ^~~~
#35 7.872 [ 47%] Building CXX object src/pmgd/src/CMakeFiles/pmgd.dir/node.cc.o
#35 7.873 cd /vdms/build/src/pmgd/src && /usr/bin/c++ -DCOMMIT_ID=\"632192f\" -Dpmgd_EXPORTS -I/vdms/build -I/vdms/src/pmgd/src/../include -Wall -std=c++14 -fPIC -g -fPIC -std=c++17 -MD -MT src/pmgd/src/CMakeFiles/pmgd.dir/node.cc.o -MF CMakeFiles/pmgd.dir/node.cc.o.d -o CMakeFiles/pmgd.dir/node.cc.o -c /vdms/src/pmgd/src/node.cc
#35 7.960 [ 48%] Building CXX object src/pmgd/src/CMakeFiles/pmgd.dir/property.cc.o
#35 7.960 cd /vdms/build/src/pmgd/src && /usr/bin/c++ -DCOMMIT_ID=\"632192f\" -Dpmgd_EXPORTS -I/vdms/build -I/vdms/src/pmgd/src/../include -Wall -std=c++14 -fPIC -g -fPIC -std=c++17 -MD -MT src/pmgd/src/CMakeFiles/pmgd.dir/property.cc.o -MF CMakeFiles/pmgd.dir/property.cc.o.d -o CMakeFiles/pmgd.dir/property.cc.o -c /vdms/src/pmgd/src/property.cc
#35 7.975 [ 48%] Building CXX object src/pmgd/java/CMakeFiles/pmgd-jni.dir/PropertyPredicate.cc.o
#35 7.975 cd /vdms/build/src/pmgd/java && /usr/bin/c++  -I/vdms/build -I/vdms/src/pmgd/java/../include -I/vdms/src/pmgd/java/../util -I/vdms/build/src/pmgd/java -I/usr/lib/jvm/java-17-openjdk-amd64/include -I/usr/lib/jvm/java-17-openjdk-amd64/include/linux -Wall -std=c++14 -g -fPIC -std=c++17 -MD -MT src/pmgd/java/CMakeFiles/pmgd-jni.dir/PropertyPredicate.cc.o -MF CMakeFiles/pmgd-jni.dir/PropertyPredicate.cc.o.d -o CMakeFiles/pmgd-jni.dir/PropertyPredicate.cc.o -c /vdms/src/pmgd/java/PropertyPredicate.cc
#35 8.161 In file included from /vdms/src/pmgd/src/property.cc:30:
#35 8.161 /vdms/src/pmgd/src/../include/property.h: In constructor 'PMGD::Time::Time()':
#35 8.161 /vdms/src/pmgd/src/../include/property.h:70:24: warning: 'void* memset(void*, int, size_t)' clearing an object of non-trivial type 'struct PMGD::Time'; use assignment or value-initialization instead [-Wclass-memaccess]
#35 8.161    70 |         Time() { memset(this, 0, sizeof(Time)); }
#35 8.161       |                  ~~~~~~^~~~~~~~~~~~~~~~~~~~~~~
#35 8.161 /vdms/src/pmgd/src/../include/property.h:45:12: note: 'struct PMGD::Time' declared here
#35 8.161    45 |     struct Time {
#35 8.161       |            ^~~~
#35 8.184 In file included from /vdms/src/pmgd/java/../include/pmgd.h:38,
#35 8.184                  from /vdms/src/pmgd/java/PropertyPredicate.cc:30:
#35 8.184 /vdms/src/pmgd/java/../include/property.h: In constructor 'PMGD::Time::Time()':
#35 8.184 /vdms/src/pmgd/java/../include/property.h:70:24: warning: 'void* memset(void*, int, size_t)' clearing an object of non-trivial type 'struct PMGD::Time'; use assignment or value-initialization instead [-Wclass-memaccess]
#35 8.184    70 |         Time() { memset(this, 0, sizeof(Time)); }
#35 8.184       |                  ~~~~~~^~~~~~~~~~~~~~~~~~~~~~~
#35 8.184 /vdms/src/pmgd/java/../include/property.h:45:12: note: 'struct PMGD::Time' declared here
#35 8.184    45 |     struct Time {
#35 8.184       |            ^~~~
#35 8.330 In file included from /vdms/src/pmgd/src/../include/iterator.h:36,
#35 8.330                  from /vdms/src/pmgd/src/node.cc:34:
#35 8.330 /vdms/src/pmgd/src/../include/property.h: In constructor 'PMGD::Time::Time()':
#35 8.330 /vdms/src/pmgd/src/../include/property.h:70:24: warning: 'void* memset(void*, int, size_t)' clearing an object of non-trivial type 'struct PMGD::Time'; use assignment or value-initialization instead [-Wclass-memaccess]
#35 8.330    70 |         Time() { memset(this, 0, sizeof(Time)); }
#35 8.330       |                  ~~~~~~^~~~~~~~~~~~~~~~~~~~~~~
#35 8.330 /vdms/src/pmgd/src/../include/property.h:45:12: note: 'struct PMGD::Time' declared here
#35 8.330    45 |     struct Time {
#35 8.330       |            ^~~~
#35 8.339 /vdms/src/pmgd/src/ChunkList.h: In instantiation of 'V* PMGD::ChunkList<K, V, CHUNK_SIZE>::add(const K&, PMGD::Allocator&) [with K = PMGD::StringID; V = PMGD::ChunkList<PMGD::StringID, PMGD::Index*, 128>; unsigned int CHUNK_SIZE = 128]':
#35 8.339 /vdms/src/pmgd/src/IndexManager.cc:49:57:   required from here
#35 8.339 /vdms/src/pmgd/src/ChunkList.h:218:23: warning: comparison of integer expressions of different signedness: 'int' and 'const unsigned int' [-Wsign-compare]
#35 8.339   218 |             if (elems < MAX_PER_CHUNK && !empty_chunk) {
#35 8.339       |                 ~~~~~~^~~~~~~~~~~~~~~
#35 8.340 /vdms/src/pmgd/src/ChunkList.h: In instantiation of 'V* PMGD::ChunkList<K, V, CHUNK_SIZE>::add(const K&, PMGD::Allocator&) [with K = PMGD::StringID; V = PMGD::Index*; unsigned int CHUNK_SIZE = 128]':
#35 8.340 /vdms/src/pmgd/src/IndexManager.cc:59:39:   required from here
#35 8.340 /vdms/src/pmgd/src/ChunkList.h:218:23: warning: comparison of integer expressions of different signedness: 'int' and 'const unsigned int' [-Wsign-compare]
#35 8.385 /vdms/client/cpp/VDMSClient.cc: In member function 'VDMS::Response VDMS::VDMSClient::query(const std::string&, std::vector<std::__cxx11::basic_string<char>*>)':
#35 8.385 /vdms/client/cpp/VDMSClient.cc:58:46: warning: 'int google::protobuf::MessageLite::ByteSize() const' is deprecated: Please use ByteSizeLong() instead [-Wdeprecated-declarations]
#35 8.385    58 |   std::basic_string<uint8_t> msg(cmd.ByteSize(), 0);
#35 8.385       |                                  ~~~~~~~~~~~~^~
#35 8.385 In file included from /usr/local/include/google/protobuf/generated_message_tctable_decl.h:44,
#35 8.385                  from /vdms/build/queryMessage.pb.h:27,
#35 8.385                  from /vdms/client/cpp/VDMSClient.cc:31:
#35 8.385 /usr/local/include/google/protobuf/message_lite.h:420:59: note: declared here
#35 8.385   420 |   [[deprecated("Please use ByteSizeLong() instead")]] int ByteSize() const {
#35 8.385       |                                                           ^~~~~~~~
#35 8.418 [ 48%] Building CXX object src/pmgd/src/CMakeFiles/pmgd.dir/PropertyList.cc.o
#35 8.419 cd /vdms/build/src/pmgd/src && /usr/bin/c++ -DCOMMIT_ID=\"632192f\" -Dpmgd_EXPORTS -I/vdms/build -I/vdms/src/pmgd/src/../include -Wall -std=c++14 -fPIC -g -fPIC -std=c++17 -MD -MT src/pmgd/src/CMakeFiles/pmgd.dir/PropertyList.cc.o -MF CMakeFiles/pmgd.dir/PropertyList.cc.o.d -o CMakeFiles/pmgd.dir/PropertyList.cc.o -c /vdms/src/pmgd/src/PropertyList.cc
#35 8.490 In file included from /vdms/src/vcl/TDBDescriptorSet.h:45,
#35 8.490                  from /vdms/src/vcl/TDBDescriptorSet.cc:48:
#35 8.490 /vdms/src/vcl/DescriptorSetData.h: In member function 'virtual long int VCL::DescriptorSet::DescriptorSetData::add_and_store(float*, unsigned int, long int*)':
#35 8.490 /vdms/src/vcl/DescriptorSetData.h:153:37: warning: unused parameter 'descriptors' [-Wunused-parameter]
#35 8.490   153 |   virtual long add_and_store(float *descriptors, unsigned n_descriptors,
#35 8.490       |                              ~~~~~~~^~~~~~~~~~~
#35 8.490 /vdms/src/vcl/DescriptorSetData.h:153:59: warning: unused parameter 'n_descriptors' [-Wunused-parameter]
#35 8.490   153 |   virtual long add_and_store(float *descriptors, unsigned n_descriptors,
#35 8.490       |                                                  ~~~~~~~~~^~~~~~~~~~~~~
#35 8.490 /vdms/src/vcl/DescriptorSetData.h:154:36: warning: unused parameter 'labels' [-Wunused-parameter]
#35 8.490   154 |                              long *labels = NULL) {
#35 8.490       |                                    ^
#35 8.490 /vdms/src/vcl/DescriptorSetData.h: In member function 'virtual void VCL::DescriptorSet::DescriptorSetData::search(float*, unsigned int, unsigned int, long int*)':
#35 8.490 /vdms/src/vcl/DescriptorSetData.h:171:30: warning: unused parameter 'query' [-Wunused-parameter]
#35 8.490   171 |   virtual void search(float *query, unsigned n, unsigned k, long *descriptors) {
#35 8.490       |                       ~~~~~~~^~~~~
#35 8.490 /vdms/src/vcl/DescriptorSetData.h:171:46: warning: unused parameter 'n' [-Wunused-parameter]
#35 8.490   171 |   virtual void search(float *query, unsigned n, unsigned k, long *descriptors) {
#35 8.490       |                                     ~~~~~~~~~^
#35 8.490 /vdms/src/vcl/DescriptorSetData.h:171:58: warning: unused parameter 'k' [-Wunused-parameter]
#35 8.490   171 |   virtual void search(float *query, unsigned n, unsigned k, long *descriptors) {
#35 8.490       |                                                 ~~~~~~~~~^
#35 8.490 /vdms/src/vcl/DescriptorSetData.h:171:67: warning: unused parameter 'descriptors' [-Wunused-parameter]
#35 8.490   171 |   virtual void search(float *query, unsigned n, unsigned k, long *descriptors) {
#35 8.490       |                                                             ~~~~~~^~~~~~~~~~~
#35 8.490 /vdms/src/vcl/DescriptorSetData.h: In member function 'virtual void VCL::DescriptorSet::DescriptorSetData::train(float*, unsigned int)':
#35 8.490 /vdms/src/vcl/DescriptorSetData.h:228:29: warning: unused parameter 'descriptors' [-Wunused-parameter]
#35 8.490   228 |   virtual void train(float *descriptors, unsigned n) { train(); }
#35 8.490       |                      ~~~~~~~^~~~~~~~~~~
#35 8.490 /vdms/src/vcl/DescriptorSetData.h:228:51: warning: unused parameter 'n' [-Wunused-parameter]
#35 8.490   228 |   virtual void train(float *descriptors, unsigned n) { train(); }
#35 8.490       |                                          ~~~~~~~~~^
#35 8.501 /vdms/src/vcl/TDBDescriptorSet.h: In member function 'virtual void VCL::TDBDescriptorSet::train(float*, unsigned int)':
#35 8.501 /vdms/src/vcl/TDBDescriptorSet.h:87:29: warning: unused parameter 'descriptors' [-Wunused-parameter]
#35 8.501    87 |   virtual void train(float *descriptors, unsigned n) { train(); }
#35 8.501       |                      ~~~~~~~^~~~~~~~~~~
#35 8.501 /vdms/src/vcl/TDBDescriptorSet.h:87:51: warning: unused parameter 'n' [-Wunused-parameter]
#35 8.501    87 |   virtual void train(float *descriptors, unsigned n) { train(); }
#35 8.501       |                                          ~~~~~~~~~^
#35 8.506 /vdms/src/vcl/TDBDescriptorSet.cc: In member function 'void VCL::TDBDescriptorSet::compute_distances(float*, std::vector<float>&, std::vector<float>&)':
#35 8.506 /vdms/src/vcl/TDBDescriptorSet.cc:97:21: warning: comparison of integer expressions of different signedness: 'int' and 'size_t' {aka 'long unsigned int'} [-Wsign-compare]
#35 8.506    97 |   for (int i = 0; i < n; ++i) {
#35 8.506       |                   ~~^~~
#35 8.506 /vdms/src/vcl/TDBDescriptorSet.cc:102:23: warning: comparison of integer expressions of different signedness: 'int' and 'unsigned int' [-Wsign-compare]
#35 8.506   102 |     for (int j = 0; j < _dimensions; ++j) {
#35 8.506       |                     ~~^~~~~~~~~~~~~
#35 8.507 /vdms/src/vcl/TDBDescriptorSet.cc: In member function 'virtual void VCL::TDBDescriptorSet::classify(float*, unsigned int, long int*, unsigned int)':
#35 8.507 /vdms/src/vcl/TDBDescriptorSet.cc:119:21: warning: comparison of integer expressions of different signedness: 'int' and 'unsigned int' [-Wsign-compare]
#35 8.507   119 |   for (int j = 0; j < n; ++j) {
#35 8.507       |                   ~~^~~
#35 8.515 /vdms/src/vcl/TDBDescriptorSet.cc:124:23: warning: comparison of integer expressions of different signedness: 'int' and 'unsigned int' [-Wsign-compare]
#35 8.515   124 |     for (int i = 0; i < quorum; ++i) {
#35 8.515       |                     ~~^~~~~~~~
#35 8.515 /vdms/src/vcl/TDBDescriptorSet.cc:131:15: warning: comparison of integer expressions of different signedness: 'unsigned int' and 'std::map<long int, int>::mapped_type' {aka 'int'} [-Wsign-compare]
#35 8.515   131 |       if (max < map_voting[label_id]) {
#35 8.516 /vdms/src/vcl/TDBDescriptorSet.cc: In member function 'virtual void VCL::TDBDescriptorSet::get_labels(long int*, unsigned int, long int*)':
#35 8.516 /vdms/src/vcl/TDBDescriptorSet.cc:143:21: warning: comparison of integer expressions of different signedness: 'int' and 'unsigned int' [-Wsign-compare]
#35 8.516   143 |   for (int i = 0; i < n; ++i) {
#35 8.516       |                   ~~^~~
#35 8.516 /vdms/src/vcl/TDBDescriptorSet.cc: In member function 'virtual void VCL::TDBDescriptorSet::get_descriptors(long int*, unsigned int, float*)':
#35 8.516 /vdms/src/vcl/TDBDescriptorSet.cc:148:46: warning: unused parameter 'ids' [-Wunused-parameter]
#35 8.516   148 | void TDBDescriptorSet::get_descriptors(long *ids, unsigned n,
#35 8.516       |                                        ~~~~~~^~~
#35 8.516 /vdms/src/vcl/TDBDescriptorSet.cc:148:60: warning: unused parameter 'n' [-Wunused-parameter]
#35 8.516   148 | void TDBDescriptorSet::get_descriptors(long *ids, unsigned n,
#35 8.516       |                                                   ~~~~~~~~~^
#35 8.516 /vdms/src/vcl/TDBDescriptorSet.cc:149:47: warning: unused parameter 'descriptors' [-Wunused-parameter]
#35 8.516   149 |                                        float *descriptors) {
#35 8.516       |                                        ~~~~~~~^~~~~~~~~~~
#35 8.516 /vdms/src/vcl/TDBDescriptorSet.cc: In member function 'virtual void VCL::TDBDescriptorSet::store(std::string)':
#35 8.516 /vdms/src/vcl/TDBDescriptorSet.cc:155:42: warning: unused parameter 'filename' [-Wunused-parameter]
#35 8.516   155 | void TDBDescriptorSet::store(std::string filename) {
#35 8.516       |                              ~~~~~~~~~~~~^~~~~~~~
#35 8.541 /vdms/src/vcl/TDBObject.cc: In member function 'void VCL::TDBObject::set_attributes(const std::vector<std::__cxx11::basic_string<char>, std::allocator<std::__cxx11::basic_string<char> > >&)':
#35 8.541 /vdms/src/vcl/TDBObject.cc:265:22: warning: comparison of integer expressions of different signedness: 'int' and 'std::vector<std::__cxx11::basic_string<char>, std::allocator<std::__cxx11::basic_string<char> > >::size_type' {aka 'long unsigned int'} [-Wsign-compare]
#35 8.541   265 |   for (auto x = 0; x < attributes.size(); ++x) {
#35 8.541       |                    ~~^~~~~~~~~~~~~~~~~~~
#35 8.541 /vdms/src/vcl/TDBObject.cc:273:22: warning: comparison of integer expressions of different signedness: 'int' and 'std::vector<char*>::size_type' {aka 'long unsigned int'} [-Wsign-compare]
#35 8.541   273 |   for (auto x = 0; x < charArrays.size(); ++x) {
#35 8.541       |                    ~~^~~~~~~~~~~~~~~~~~~
#35 8.542 /vdms/src/vcl/TDBObject.cc: In member function 'void VCL::TDBObject::set_config(VCL::RemoteConnection*)':
#35 8.542 /vdms/src/vcl/TDBObject.cc:308:46: warning: unused parameter 'remote' [-Wunused-parameter]
#35 8.542   308 | void TDBObject::set_config(RemoteConnection *remote) {
#35 8.542       |                            ~~~~~~~~~~~~~~~~~~^~~~~~
#35 8.544 /vdms/src/vcl/TDBObject.cc: In member function 'void VCL::TDBObject::set_schema_domain(tiledb::ArraySchema&)':
#35 8.544 /vdms/src/vcl/TDBObject.cc:416:21: warning: comparison of integer expressions of different signedness: 'int' and 'std::vector<tiledb::Dimension>::size_type' {aka 'long unsigned int'} [-Wsign-compare]
#35 8.544   416 |   for (int x = 0; x < _full_dimensions.size(); ++x) {
#35 8.544       |                   ~~^~~~~~~~~~~~~~~~~~~~~~~~~
#35 8.545 /vdms/src/vcl/TDBObject.cc: In member function 'void VCL::TDBObject::set_from_schema(const std::string&)':
#35 8.545 /vdms/src/vcl/TDBObject.cc:538:21: warning: comparison of integer expressions of different signedness: 'int' and 'std::vector<tiledb::Dimension>::size_type' {aka 'long unsigned int'} [-Wsign-compare]
#35 8.545   538 |   for (int i = 0; i < dimensions.size(); ++i) {
#35 8.545       |                   ~~^~~~~~~~~~~~~~~~~~~
#35 8.547 /vdms/src/vcl/TDBObject.cc: In member function 'void VCL::TDBObject::find_tile_extents()':
#35 8.547 /vdms/src/vcl/TDBObject.cc:601:9: warning: unused variable 'num_tiles' [-Wunused-variable]
#35 8.547   601 |     int num_tiles = 0;
#35 8.547       |         ^~~~~~~~~
#35 8.548 [ 49%] Building CXX object src/pmgd/java/CMakeFiles/pmgd-jni.dir/StringID.cc.o
#35 8.549 cd /vdms/build/src/pmgd/java && /usr/bin/c++  -I/vdms/build -I/vdms/src/pmgd/java/../include -I/vdms/src/pmgd/java/../util -I/vdms/build/src/pmgd/java -I/usr/lib/jvm/java-17-openjdk-amd64/include -I/usr/lib/jvm/java-17-openjdk-amd64/include/linux -Wall -std=c++14 -g -fPIC -std=c++17 -MD -MT src/pmgd/java/CMakeFiles/pmgd-jni.dir/StringID.cc.o -MF CMakeFiles/pmgd-jni.dir/StringID.cc.o.d -o CMakeFiles/pmgd-jni.dir/StringID.cc.o -c /vdms/src/pmgd/java/StringID.cc
#35 8.606 In file included from /vdms/client/cpp/CSVParserUtil.cpp:3:
#35 8.606 /vdms/client/cpp/BoundingBoxQueryParser.h: In member function 'VDMS::Response VDMS::BoundingBoxQueryParser::ParseAddBoundingBox(std::vector<std::__cxx11::basic_string<char> >, std::vector<std::__cxx11::basic_string<char> >)':
#35 8.606 /vdms/client/cpp/BoundingBoxQueryParser.h:35:21: warning: comparison of integer expressions of different signedness: 'int' and 'std::vector<std::__cxx11::basic_string<char> >::size_type' {aka 'long unsigned int'} [-Wsign-compare]
#35 8.606    35 |   for (int j = 1; j < columnNames.size(); j++) {
#35 8.606       |                   ~~^~~~~~~~~~~~~~~~~~~~
#35 8.609 In file included from /vdms/client/cpp/CSVParserUtil.cpp:4:
#35 8.609 /vdms/client/cpp/ConnectionQueryParser.h: In member function 'VDMS::Response VDMS::ConnectionQueryParser::ParseAddConnection(std::vector<std::__cxx11::basic_string<char> >, std::vector<std::__cxx11::basic_string<char> >&)':
#35 8.609 /vdms/client/cpp/ConnectionQueryParser.h:29:21: warning: comparison of integer expressions of different signedness: 'int' and 'std::vector<std::__cxx11::basic_string<char> >::size_type' {aka 'long unsigned int'} [-Wsign-compare]
#35 8.609    29 |   for (int i = 1; i < columnNames.size(); i++) {
#35 8.609       |                   ~~^~~~~~~~~~~~~~~~~~~~
#35 8.611 /vdms/client/cpp/ConnectionQueryParser.h:25:17: warning: unused variable 'ref2' [-Wunused-variable]
#35 8.611    25 |   int ref1 = 1, ref2 = 3;
#35 8.611       |                 ^~~~
#35 8.612 In file included from /vdms/client/cpp/CSVParserUtil.cpp:5:
#35 8.612 /vdms/client/cpp/DescriptorQueryParser.h: In member function 'VDMS::Response VDMS::DescriptorQueryParser::ParseAddDescriptor(std::vector<std::__cxx11::basic_string<char> >, std::vector<std::__cxx11::basic_string<char> >&, int)':
#35 8.612 /vdms/client/cpp/DescriptorQueryParser.h:24:21: warning: comparison of integer expressions of different signedness: 'int' and 'std::vector<std::__cxx11::basic_string<char> >::size_type' {aka 'long unsigned int'} [-Wsign-compare]
#35 8.612    24 |   for (int j = 1; j < columnNames.size(); j++) {
#35 8.612       |                   ~~^~~~~~~~~~~~~~~~~~~~
#35 8.615 In file included from /vdms/client/cpp/CSVParserUtil.cpp:6:
#35 8.615 /vdms/client/cpp/DescriptorSetQueryParser.h: In member function 'VDMS::Response VDMS::DescriptorSetQueryParser::ParseAddDescriptorSet(std::vector<std::__cxx11::basic_string<char> >, std::vector<std::__cxx11::basic_string<char> >&)':
#35 8.615 /vdms/client/cpp/DescriptorSetQueryParser.h:22:21: warning: comparison of integer expressions of different signedness: 'int' and 'std::vector<std::__cxx11::basic_string<char> >::size_type' {aka 'long unsigned int'} [-Wsign-compare]
#35 8.615    22 |   for (int j = 1; j < columnNames.size(); j++) {
#35 8.615       |                   ~~^~~~~~~~~~~~~~~~~~~~
#35 8.619 In file included from /vdms/client/cpp/CSVParserUtil.cpp:7:
#35 8.619 /vdms/client/cpp/EntityQueryParser.h: In member function 'VDMS::Response VDMS::EntityQueryParser::ParseAddEntity(std::vector<std::__cxx11::basic_string<char> >, std::vector<std::__cxx11::basic_string<char> >&)':
#35 8.619 /vdms/client/cpp/EntityQueryParser.h:30:21: warning: comparison of integer expressions of different signedness: 'int' and 'std::vector<std::__cxx11::basic_string<char> >::size_type' {aka 'long unsigned int'} [-Wsign-compare]
#35 8.619    30 |   for (int j = 1; j < cols.size(); j++) {
#35 8.619       |                   ~~^~~~~~~~~~~~~
#35 8.620 In file included from /vdms/client/cpp/CSVParserUtil.cpp:8:
#35 8.620 /vdms/client/cpp/ImageQueryParser.h: In member function 'VDMS::Response VDMS::ImageQueryParser::ParseAddImage(std::vector<std::__cxx11::basic_string<char> >, std::vector<std::__cxx11::basic_string<char> >)':
#35 8.620 /vdms/client/cpp/ImageQueryParser.h:46:21: warning: comparison of integer expressions of different signedness: 'int' and 'std::vector<std::__cxx11::basic_string<char> >::size_type' {aka 'long unsigned int'} [-Wsign-compare]
#35 8.620    46 |   for (int j = 1; j < columnNames.size(); j++) {
#35 8.620       |                   ~~^~~~~~~~~~~~~~~~~~~~
#35 8.624 In file included from /vdms/client/cpp/CSVParserUtil.cpp:9:
#35 8.624 /vdms/client/cpp/VideoQueryParser.h: In member function 'VDMS::Response VDMS::VideoQueryParser::ParseAddVideo(std::vector<std::__cxx11::basic_string<char> >, std::vector<std::__cxx11::basic_string<char> >&)':
#35 8.624 /vdms/client/cpp/VideoQueryParser.h:31:23: warning: comparison of integer expressions of different signedness: 'int' and 'std::vector<std::__cxx11::basic_string<char> >::size_type' {aka 'long unsigned int'} [-Wsign-compare]
#35 8.624    31 |     for (int j = 1; j < columnNames.size(); j++) {
#35 8.624       |                     ~~^~~~~~~~~~~~~~~~~~~~
#35 8.656 /vdms/client/cpp/CSVParserUtil.cpp: In member function 'VDMS::Response VDMS::CSVParserUtil::parse_row(std::vector<std::__cxx11::basic_string<char> >&)':
#35 8.656 /vdms/client/cpp/CSVParserUtil.cpp:56:10: warning: enumeration value 'UpdateEntity' not handled in switch [-Wswitch]
#35 8.656    56 |   switch (queryType) {
#35 8.656       |          ^
#35 8.656 /vdms/client/cpp/CSVParserUtil.cpp:56:10: warning: enumeration value 'UpdateConnection' not handled in switch [-Wswitch]
#35 8.656 /vdms/client/cpp/CSVParserUtil.cpp:56:10: warning: enumeration value 'UpdateImage' not handled in switch [-Wswitch]
#35 8.656 /vdms/client/cpp/CSVParserUtil.cpp:56:10: warning: enumeration value 'UpdateBoundingBox' not handled in switch [-Wswitch]
#35 8.659 /vdms/client/cpp/CSVParserUtil.cpp: In member function 'VDMS::CSVParserUtil::commandType VDMS::CSVParserUtil::get_query_type(const std::string&)':
#35 8.659 /vdms/client/cpp/CSVParserUtil.cpp:151:12: warning: enumeration value 'EntityUpdate' not handled in switch [-Wswitch]
#35 8.659   151 |     switch (commands[str]) {
#35 8.659       |            ^
#35 8.659 /vdms/client/cpp/CSVParserUtil.cpp:151:12: warning: enumeration value 'ConnectionUpdate' not handled in switch [-Wswitch]
#35 8.659 /vdms/client/cpp/CSVParserUtil.cpp:151:12: warning: enumeration value 'ImageUpdate' not handled in switch [-Wswitch]
#35 8.659 /vdms/client/cpp/CSVParserUtil.cpp:151:12: warning: enumeration value 'RectangleUpdate' not handled in switch [-Wswitch]
#35 8.662 /vdms/client/cpp/CSVParserUtil.cpp: In member function 'void VDMS::CSVParserUtil::parseConstraints(const std::string&, const std::string&, std::string&, Json::Value&)':
#35 8.662 /vdms/client/cpp/CSVParserUtil.cpp:224:23: warning: comparison of integer expressions of different signedness: 'int' and 'std::vector<std::__cxx11::basic_string<char> >::size_type' {aka 'long unsigned int'} [-Wsign-compare]
#35 8.662   224 |     for (int z = 1; z < consvals.size(); z++) {
#35 8.662       |                     ~~^~~~~~~~~~~~~~~~~
#35 8.663 /vdms/client/cpp/CSVParserUtil.cpp:236:23: warning: comparison of integer expressions of different signedness: 'int' and 'std::vector<std::__cxx11::basic_string<char> >::size_type' {aka 'long unsigned int'} [-Wsign-compare]
#35 8.663   236 |     for (int z = 1; z < consvals.size(); z++) {
#35 8.663       |                     ~~^~~~~~~~~~~~~~~~~
#35 8.663 [ 49%] Building CXX object src/pmgd/src/CMakeFiles/pmgd.dir/stringid.cc.o
#35 8.664 cd /vdms/build/src/pmgd/src && /usr/bin/c++ -DCOMMIT_ID=\"632192f\" -Dpmgd_EXPORTS -I/vdms/build -I/vdms/src/pmgd/src/../include -Wall -std=c++14 -fPIC -g -fPIC -std=c++17 -MD -MT src/pmgd/src/CMakeFiles/pmgd.dir/stringid.cc.o -MF CMakeFiles/pmgd.dir/stringid.cc.o.d -o CMakeFiles/pmgd.dir/stringid.cc.o -c /vdms/src/pmgd/src/stringid.cc
#35 8.664 /vdms/client/cpp/CSVParserUtil.cpp: In member function 'std::vector<std::__cxx11::basic_string<char> > VDMS::CSVParserUtil::spiltrow(const std::string&)':
#35 8.664 /vdms/client/cpp/CSVParserUtil.cpp:257:21: warning: comparison of integer expressions of different signedness: 'int' and 'std::__cxx11::basic_string<char>::size_type' {aka 'long unsigned int'} [-Wsign-compare]
#35 8.664   257 |   for (int i = 0; i < row.size(); i++) {
#35 8.664       |                   ~~^~~~~~~~~~~~
#35 8.665 /vdms/client/cpp/CSVParserUtil.cpp: In member function 'void VDMS::CSVParserUtil::parseOperations(std::string, std::string, std::string, Json::Value&)':
#35 8.665 /vdms/client/cpp/CSVParserUtil.cpp:294:19: warning: comparison of integer expressions of different signedness: 'int' and 'std::vector<std::__cxx11::basic_string<char> >::size_type' {aka 'long unsigned int'} [-Wsign-compare]
#35 8.665   294 |     for (c = 0; c < rowvec.size(); c++) {
#35 8.665       |                 ~~^~~~~~~~~~~~~~~
#35 8.667 /vdms/client/cpp/CSVParserUtil.cpp:325:19: warning: comparison of integer expressions of different signedness: 'int' and 'std::vector<std::__cxx11::basic_string<char> >::size_type' {aka 'long unsigned int'} [-Wsign-compare]
#35 8.667   325 |     for (c = 0; c < rowvec.size(); c++) {
#35 8.667       |                 ~~^~~~~~~~~~~~~~~
#35 8.668 /vdms/client/cpp/CSVParserUtil.cpp:353:19: warning: comparison of integer expressions of different signedness: 'int' and 'std::vector<std::__cxx11::basic_string<char> >::size_type' {aka 'long unsigned int'} [-Wsign-compare]
#35 8.668   353 |     for (c = 0; c < rowvec.size(); c++) {
#35 8.668       |                 ~~^~~~~~~~~~~~~~~
#35 8.670 /vdms/client/cpp/CSVParserUtil.cpp:383:19: warning: comparison of integer expressions of different signedness: 'int' and 'std::vector<std::__cxx11::basic_string<char> >::size_type' {aka 'long unsigned int'} [-Wsign-compare]
#35 8.670   383 |     for (c = 0; c < rowvec.size(); c++) {
#35 8.670       |                 ~~^~~~~~~~~~~~~~~
#35 8.680 In file included from /vdms/src/vcl/TDBDescriptorSet.h:45,
#35 8.680                  from /vdms/src/vcl/TDBSparseDescriptorSet.cc:38:
#35 8.680 /vdms/src/vcl/DescriptorSetData.h: In member function 'virtual long int VCL::DescriptorSet::DescriptorSetData::add_and_store(float*, unsigned int, long int*)':
#35 8.680 /vdms/src/vcl/DescriptorSetData.h:153:37: warning: unused parameter 'descriptors' [-Wunused-parameter]
#35 8.680   153 |   virtual long add_and_store(float *descriptors, unsigned n_descriptors,
#35 8.680       |                              ~~~~~~~^~~~~~~~~~~
#35 8.680 /vdms/src/vcl/DescriptorSetData.h:153:59: warning: unused parameter 'n_descriptors' [-Wunused-parameter]
#35 8.680   153 |   virtual long add_and_store(float *descriptors, unsigned n_descriptors,
#35 8.680       |                                                  ~~~~~~~~~^~~~~~~~~~~~~
#35 8.680 /vdms/src/vcl/DescriptorSetData.h:154:36: warning: unused parameter 'labels' [-Wunused-parameter]
#35 8.680   154 |                              long *labels = NULL) {
#35 8.680       |                                    ^
#35 8.680 /vdms/src/vcl/DescriptorSetData.h: In member function 'virtual void VCL::DescriptorSet::DescriptorSetData::search(float*, unsigned int, unsigned int, long int*)':
#35 8.680 /vdms/src/vcl/DescriptorSetData.h:171:30: warning: unused parameter 'query' [-Wunused-parameter]
#35 8.680   171 |   virtual void search(float *query, unsigned n, unsigned k, long *descriptors) {
#35 8.680       |                       ~~~~~~~^~~~~
#35 8.680 /vdms/src/vcl/DescriptorSetData.h:171:46: warning: unused parameter 'n' [-Wunused-parameter]
#35 8.680   171 |   virtual void search(float *query, unsigned n, unsigned k, long *descriptors) {
#35 8.680       |                                     ~~~~~~~~~^
#35 8.680 /vdms/src/vcl/DescriptorSetData.h:171:58: warning: unused parameter 'k' [-Wunused-parameter]
#35 8.680   171 |   virtual void search(float *query, unsigned n, unsigned k, long *descriptors) {
#35 8.680       |                                                 ~~~~~~~~~^
#35 8.680 /vdms/src/vcl/DescriptorSetData.h:171:67: warning: unused parameter 'descriptors' [-Wunused-parameter]
#35 8.680   171 |   virtual void search(float *query, unsigned n, unsigned k, long *descriptors) {
#35 8.680       |                                                             ~~~~~~^~~~~~~~~~~
#35 8.681 /vdms/src/vcl/DescriptorSetData.h: In member function 'virtual void VCL::DescriptorSet::DescriptorSetData::train(float*, unsigned int)':
#35 8.681 /vdms/src/vcl/DescriptorSetData.h:228:29: warning: unused parameter 'descriptors' [-Wunused-parameter]
#35 8.681   228 |   virtual void train(float *descriptors, unsigned n) { train(); }
#35 8.681       |                      ~~~~~~~^~~~~~~~~~~
#35 8.681 /vdms/src/vcl/DescriptorSetData.h:228:51: warning: unused parameter 'n' [-Wunused-parameter]
#35 8.681   228 |   virtual void train(float *descriptors, unsigned n) { train(); }
#35 8.681       |                                          ~~~~~~~~~^
#35 8.682 /vdms/client/cpp/CSVParserUtil.cpp: In member function 'void VDMS::CSVParserUtil::read_blob_image(const std::string&, std::string**)':
#35 8.682 /vdms/client/cpp/CSVParserUtil.cpp:502:23: warning: comparison of integer expressions of different signedness: 'std::streamsize' {aka 'long int'} and 'size_t' {aka 'long unsigned int'} [-Wsign-compare]
#35 8.682   502 |     if (file.gcount() != size) {
#35 8.682       |         ~~~~~~~~~~~~~~^~~~~~~
#35 8.691 /vdms/src/vcl/TDBDescriptorSet.h: In member function 'virtual void VCL::TDBDescriptorSet::train(float*, unsigned int)':
#35 8.691 /vdms/src/vcl/TDBDescriptorSet.h:87:29: warning: unused parameter 'descriptors' [-Wunused-parameter]
#35 8.691    87 |   virtual void train(float *descriptors, unsigned n) { train(); }
#35 8.691       |                      ~~~~~~~^~~~~~~~~~~
#35 8.691 /vdms/src/vcl/TDBDescriptorSet.h:87:51: warning: unused parameter 'n' [-Wunused-parameter]
#35 8.691    87 |   virtual void train(float *descriptors, unsigned n) { train(); }
#35 8.691       |                                          ~~~~~~~~~^
#35 8.696 /vdms/src/vcl/TDBSparseDescriptorSet.cc: In constructor 'VCL::TDBSparseDescriptorSet::TDBSparseDescriptorSet(const std::string&, uint32_t, VCL::DistanceMetric)':
#35 8.696 /vdms/src/vcl/TDBSparseDescriptorSet.cc:67:21: warning: comparison of integer expressions of different signedness: 'int' and 'unsigned int' [-Wsign-compare]
#35 8.696    67 |   for (int i = 0; i < _dimensions; ++i) {
#35 8.696       |                   ~~^~~~~~~~~~~~~
#35 8.697 /vdms/src/vcl/TDBSparseDescriptorSet.cc:58:63: warning: unused parameter 'metric' [-Wunused-parameter]
#35 8.697    58 |                                                DistanceMetric metric)
#35 8.697       |                                                ~~~~~~~~~~~~~~~^~~~~~
#35 8.702 /vdms/src/vcl/TDBSparseDescriptorSet.cc: In member function 'void VCL::TDBSparseDescriptorSet::load_neighbors(float*, unsigned int, std::vector<float>&, std::vector<long int>&, std::vector<long int>&)':
#35 8.702 /vdms/src/vcl/TDBSparseDescriptorSet.cc:195:23: warning: comparison of integer expressions of different signedness: 'int' and 'unsigned int' [-Wsign-compare]
#35 8.702   195 |     for (int i = 0; i < _dimensions; ++i) {
#35 8.702       |                     ~~^~~~~~~~~~~~~
#35 8.704 /vdms/src/vcl/TDBSparseDescriptorSet.cc: In member function 'virtual void VCL::TDBSparseDescriptorSet::classify(float*, unsigned int, long int*, unsigned int)':
#35 8.704 /vdms/src/vcl/TDBSparseDescriptorSet.cc:244:21: warning: comparison of integer expressions of different signedness: 'int' and 'unsigned int' [-Wsign-compare]
#35 8.704   244 |   for (int j = 0; j < n; ++j) {
#35 8.704       |                   ~~^~~
#35 8.712 /vdms/src/vcl/TDBSparseDescriptorSet.cc:249:23: warning: comparison of integer expressions of different signedness: 'int' and 'unsigned int' [-Wsign-compare]
#35 8.712   249 |     for (int i = 0; i < quorum; ++i) {
#35 8.712       |                     ~~^~~~~~~~
#35 8.712 /vdms/src/vcl/TDBSparseDescriptorSet.cc:256:15: warning: comparison of integer expressions of different signedness: 'unsigned int' and 'std::map<long int, int>::mapped_type' {aka 'int'} [-Wsign-compare]
#35 8.712   256 |       if (max < map_voting[label_id]) {
#35 8.712 /vdms/src/vcl/TDBSparseDescriptorSet.cc: In member function 'void VCL::TDBSparseDescriptorSet::search(float*, unsigned int, unsigned int, long int*, float*, long int*)':
#35 8.712 /vdms/src/vcl/TDBSparseDescriptorSet.cc:274:21: warning: comparison of integer expressions of different signedness: 'int' and 'unsigned int' [-Wsign-compare]
#35 8.712   274 |   for (int i = 0; i < n; ++i) {
#35 8.712       |                   ~~^~~
#35 8.713 /vdms/src/vcl/TDBSparseDescriptorSet.cc:288:23: warning: comparison of integer expressions of different signedness: 'int' and 'const unsigned int' [-Wsign-compare]
#35 8.713   288 |     for (int j = 0; j < std::min(k, found); ++j) {
#35 8.713       |                     ~~^~~~~~~~~~~~~~~~~~~~
#35 8.713 /vdms/src/vcl/TDBSparseDescriptorSet.cc:294:29: warning: comparison of integer expressions of different signedness: 'int' and 'unsigned int' [-Wsign-compare]
#35 8.713   294 |       for (int j = found; j < k; ++j) {
#35 8.713       |                           ~~^~~
#35 8.713 /vdms/src/vcl/TDBSparseDescriptorSet.cc:303:25: warning: comparison of integer expressions of different signedness: 'int' and 'const unsigned int' [-Wsign-compare]
#35 8.713   303 |       for (int j = 0; j < std::min(k, found); ++j) {
#35 8.713       |                       ~~^~~~~~~~~~~~~~~~~~~~
#35 8.713 /vdms/src/vcl/TDBSparseDescriptorSet.cc:308:31: warning: comparison of integer expressions of different signedness: 'int' and 'unsigned int' [-Wsign-compare]
#35 8.713   308 |         for (int j = found; j < k; ++j) {
#35 8.713       |                             ~~^~~
#35 8.714 /vdms/src/vcl/TDBSparseDescriptorSet.cc: In member function 'virtual void VCL::TDBSparseDescriptorSet::get_descriptors(long int*, unsigned int, float*)':
#35 8.714 /vdms/src/vcl/TDBSparseDescriptorSet.cc:328:21: warning: comparison of integer expressions of different signedness: 'int' and 'unsigned int' [-Wsign-compare]
#35 8.714   328 |   for (int i = 0; i < _dimensions; ++i) {
#35 8.714       |                   ~~^~~~~~~~~~~~~
#35 8.715 /vdms/src/vcl/TDBSparseDescriptorSet.cc:362:21: warning: comparison of integer expressions of different signedness: 'int' and 'unsigned int' [-Wsign-compare]
#35 8.715   362 |   for (int i = 0; i < n; ++i) {
#35 8.715       |                   ~~^~~
#35 8.715 /vdms/src/vcl/TDBSparseDescriptorSet.cc:367:23: warning: comparison of integer expressions of different signedness: 'int' and 'std::vector<long int>::size_type' {aka 'long unsigned int'} [-Wsign-compare]
#35 8.715   367 |     for (int j = 0; j < desc_ids.size(); ++j) {
#35 8.715       |                     ~~^~~~~~~~~~~~~~~~~
#35 8.715 /vdms/src/vcl/TDBSparseDescriptorSet.cc:380:23: warning: comparison of integer expressions of different signedness: 'int' and 'unsigned int' [-Wsign-compare]
#35 8.715   380 |     for (int j = 0; j < _dimensions; ++j) {
#35 8.715       |                     ~~^~~~~~~~~~~~~
#35 8.715 /vdms/src/vcl/TDBSparseDescriptorSet.cc:325:9: warning: unused variable 'space' [-Wunused-variable]
#35 8.715   325 |   float space = 20;
#35 8.715       |         ^~~~~
#35 8.715 /vdms/src/vcl/TDBSparseDescriptorSet.cc: In member function 'virtual void VCL::TDBSparseDescriptorSet::get_labels(long int*, unsigned int, long int*)':
#35 8.715 /vdms/src/vcl/TDBSparseDescriptorSet.cc:390:21: warning: comparison of integer expressions of different signedness: 'int' and 'unsigned int' [-Wsign-compare]
#35 8.715   390 |   for (int i = 0; i < _dimensions; ++i) {
#35 8.715       |                   ~~^~~~~~~~~~~~~
#35 8.716 /vdms/src/vcl/TDBSparseDescriptorSet.cc:424:21: warning: comparison of integer expressions of different signedness: 'int' and 'unsigned int' [-Wsign-compare]
#35 8.716   424 |   for (int i = 0; i < n; ++i) {
#35 8.716       |                   ~~^~~
#35 8.716 /vdms/src/vcl/TDBSparseDescriptorSet.cc:429:23: warning: comparison of integer expressions of different signedness: 'int' and 'std::vector<long int>::size_type' {aka 'long unsigned int'} [-Wsign-compare]
#35 8.716   429 |     for (int j = 0; j < desc_ids.size(); ++j) {
#35 8.716       |                     ~~^~~~~~~~~~~~~~~~~
#35 8.716 /vdms/src/vcl/TDBSparseDescriptorSet.cc:425:10: warning: unused variable 'offset' [-Wunused-variable]
#35 8.716   425 |     long offset = i * _dimensions;
#35 8.716       |          ^~~~~~
#35 8.756 In file included from /vdms/src/pmgd/java/../include/pmgd.h:38,
#35 8.756                  from /vdms/src/pmgd/java/StringID.cc:31:
#35 8.756 /vdms/src/pmgd/java/../include/property.h: In constructor 'PMGD::Time::Time()':
#35 8.756 /vdms/src/pmgd/java/../include/property.h:70:24: warning: 'void* memset(void*, int, size_t)' clearing an object of non-trivial type 'struct PMGD::Time'; use assignment or value-initialization instead [-Wclass-memaccess]
#35 8.756    70 |         Time() { memset(this, 0, sizeof(Time)); }
#35 8.756       |                  ~~~~~~^~~~~~~~~~~~~~~~~~~~~~~
#35 8.756 /vdms/src/pmgd/java/../include/property.h:45:12: note: 'struct PMGD::Time' declared here
#35 8.756    45 |     struct Time {
#35 8.756       |            ^~~~
#35 8.852 /vdms/src/vcl/TDBObject.cc: In instantiation of 'void VCL::TDBObject::set_full_dimensions(const std::vector<std::__cxx11::basic_string<char>, std::allocator<std::__cxx11::basic_string<char> > >&, const std::vector<T, std::allocator<_CharT> >&, const std::vector<T, std::allocator<_CharT> >&, int) [with T = long unsigned int]':
#35 8.852 /vdms/src/vcl/TDBObject.cc:251:42:   required from here
#35 8.852 /vdms/src/vcl/TDBObject.cc:241:21: warning: comparison of integer expressions of different signedness: 'int' and 'std::vector<std::__cxx11::basic_string<char>, std::allocator<std::__cxx11::basic_string<char> > >::size_type' {aka 'long unsigned int'} [-Wsign-compare]
#35 8.852   241 |   for (int i = 0; i < names.size(); ++i) {
#35 8.852       |                   ~~^~~~~~~~~~~~~~
#35 8.852 /vdms/src/vcl/TDBObject.cc: In instantiation of 'void VCL::TDBObject::set_full_dimensions(const std::vector<std::__cxx11::basic_string<char>, std::allocator<std::__cxx11::basic_string<char> > >&, const std::vector<T, std::allocator<_CharT> >&, const std::vector<T, std::allocator<_CharT> >&, int) [with T = float]':
#35 8.852 /vdms/src/vcl/TDBObject.cc:254:53:   required from here
#35 8.852 /vdms/src/vcl/TDBObject.cc:241:21: warning: comparison of integer expressions of different signedness: 'int' and 'std::vector<std::__cxx11::basic_string<char>, std::allocator<std::__cxx11::basic_string<char> > >::size_type' {aka 'long unsigned int'} [-Wsign-compare]
#35 8.858 /vdms/src/vcl/TDBObject.cc: In instantiation of 'void VCL::TDBObject::set_single_attribute(std::string&, VCL::CompressionType, T) [with T = int; std::string = std::__cxx11::basic_string<char>]':
#35 8.858 /vdms/src/vcl/TDBObject.cc:292:63:   required from here
#35 8.858 /vdms/src/vcl/TDBObject.cc:280:54: warning: unused parameter 'compressor' [-Wunused-parameter]
#35 8.858   280 |                                      CompressionType compressor,
#35 8.858       |                                      ~~~~~~~~~~~~~~~~^~~~~~~~~~
#35 8.858 /vdms/src/vcl/TDBObject.cc: In instantiation of 'void VCL::TDBObject::set_single_attribute(std::string&, VCL::CompressionType, T) [with T = long unsigned int; std::string = std::__cxx11::basic_string<char>]':
#35 8.858 /vdms/src/vcl/TDBObject.cc:295:68:   required from here
#35 8.858 /vdms/src/vcl/TDBObject.cc:280:54: warning: unused parameter 'compressor' [-Wunused-parameter]
#35 8.858 /vdms/src/vcl/TDBObject.cc: In instantiation of 'void VCL::TDBObject::set_single_attribute(std::string&, VCL::CompressionType, T) [with T = long int; std::string = std::__cxx11::basic_string<char>]':
#35 8.858 /vdms/src/vcl/TDBObject.cc:298:64:   required from here
#35 8.858 /vdms/src/vcl/TDBObject.cc:280:54: warning: unused parameter 'compressor' [-Wunused-parameter]
#35 8.858 /vdms/src/vcl/TDBObject.cc: In instantiation of 'void VCL::TDBObject::set_single_attribute(std::string&, VCL::CompressionType, T) [with T = float; std::string = std::__cxx11::basic_string<char>]':
#35 8.858 /vdms/src/vcl/TDBObject.cc:301:65:   required from here
#35 8.858 /vdms/src/vcl/TDBObject.cc:280:54: warning: unused parameter 'compressor' [-Wunused-parameter]
#35 8.859 /vdms/src/vcl/TDBObject.cc: In instantiation of 'void VCL::TDBObject::set_single_attribute(std::string&, VCL::CompressionType, T) [with T = unsigned char; std::string = std::__cxx11::basic_string<char>]':
#35 8.859 /vdms/src/vcl/TDBObject.cc:304:73:   required from here
#35 8.859 /vdms/src/vcl/TDBObject.cc:280:54: warning: unused parameter 'compressor' [-Wunused-parameter]
#35 8.859 /vdms/src/vcl/TDBObject.cc: In instantiation of 'void VCL::TDBObject::set_schema_attributes(tiledb::ArraySchema&, std::vector<T, std::allocator<_CharT> >&) [with T = unsigned char]':
#35 8.859 /vdms/src/vcl/TDBObject.cc:369:74:   required from here
#35 8.859 /vdms/src/vcl/TDBObject.cc:352:23: warning: comparison of integer expressions of different signedness: 'int' and 'std::vector<const char*>::size_type' {aka 'long unsigned int'} [-Wsign-compare]
#35 8.859   352 |     for (int x = 0; x < _attributes.size(); ++x) {
#35 8.859       |                     ~~^~~~~~~~~~~~~~~~~~~~
#35 8.859 /vdms/src/vcl/TDBObject.cc:362:23: warning: comparison of integer expressions of different signedness: 'int' and 'std::vector<tiledb::Attribute>::size_type' {aka 'long unsigned int'} [-Wsign-compare]
#35 8.859   362 |     for (int x = 0; x < _full_attributes.size(); ++x) {
#35 8.859       |                     ~~^~~~~~~~~~~~~~~~~~~~~~~~~
#35 8.859 /vdms/src/vcl/TDBObject.cc: In instantiation of 'void VCL::TDBObject::set_schema_attributes(tiledb::ArraySchema&, std::vector<T, std::allocator<_CharT> >&) [with T = long int]':
#35 8.859 /vdms/src/vcl/TDBObject.cc:372:65:   required from here
#35 8.859 /vdms/src/vcl/TDBObject.cc:352:23: warning: comparison of integer expressions of different signedness: 'int' and 'std::vector<const char*>::size_type' {aka 'long unsigned int'} [-Wsign-compare]
#35 8.859   352 |     for (int x = 0; x < _attributes.size(); ++x) {
#35 8.859       |                     ~~^~~~~~~~~~~~~~~~~~~~
#35 8.863 /vdms/src/vcl/TDBObject.cc:362:23: warning: comparison of integer expressions of different signedness: 'int' and 'std::vector<tiledb::Attribute>::size_type' {aka 'long unsigned int'} [-Wsign-compare]
#35 8.863   362 |     for (int x = 0; x < _full_attributes.size(); ++x) {
#35 8.863       |                     ~~^~~~~~~~~~~~~~~~~~~~~~~~~
#35 8.863 /vdms/src/vcl/TDBObject.cc: In instantiation of 'void VCL::TDBObject::set_schema_attributes(tiledb::ArraySchema&, std::vector<T, std::allocator<_CharT> >&) [with T = long unsigned int]':
#35 8.863 /vdms/src/vcl/TDBObject.cc:375:69:   required from here
#35 8.863 /vdms/src/vcl/TDBObject.cc:352:23: warning: comparison of integer expressions of different signedness: 'int' and 'std::vector<const char*>::size_type' {aka 'long unsigned int'} [-Wsign-compare]
#35 8.863   352 |     for (int x = 0; x < _attributes.size(); ++x) {
#35 8.863       |                     ~~^~~~~~~~~~~~~~~~~~~~
#35 8.863 /vdms/src/vcl/TDBObject.cc:362:23: warning: comparison of integer expressions of different signedness: 'int' and 'std::vector<tiledb::Attribute>::size_type' {aka 'long unsigned int'} [-Wsign-compare]
#35 8.863   362 |     for (int x = 0; x < _full_attributes.size(); ++x) {
#35 8.863       |                     ~~^~~~~~~~~~~~~~~~~~~~~~~~~
#35 8.864 /vdms/src/vcl/TDBObject.cc: In instantiation of 'void VCL::TDBObject::set_schema_attributes(tiledb::ArraySchema&, std::vector<T, std::allocator<_CharT> >&) [with T = float]':
#35 8.864 /vdms/src/vcl/TDBObject.cc:378:66:   required from here
#35 8.864 /vdms/src/vcl/TDBObject.cc:352:23: warning: comparison of integer expressions of different signedness: 'int' and 'std::vector<const char*>::size_type' {aka 'long unsigned int'} [-Wsign-compare]
#35 8.864   352 |     for (int x = 0; x < _attributes.size(); ++x) {
#35 8.864       |                     ~~^~~~~~~~~~~~~~~~~~~~
#35 8.864 /vdms/src/vcl/TDBObject.cc:362:23: warning: comparison of integer expressions of different signedness: 'int' and 'std::vector<tiledb::Attribute>::size_type' {aka 'long unsigned int'} [-Wsign-compare]
#35 8.864   362 |     for (int x = 0; x < _full_attributes.size(); ++x) {
#35 8.864       |                     ~~^~~~~~~~~~~~~~~~~~~~~~~~~
#35 8.866 In file included from /vdms/src/vcl/RemoteConnection.cc:38:
#35 8.866 /vdms/src/vcl/../../src/VDMSConfig.h:138:3: warning: type qualifiers ignored on function return type [-Wignored-qualifiers]
#35 8.866   138 |   const Aws::Utils::Logging::LogLevel get_aws_log_level() {
#35 8.866       |   ^~~~~
#35 8.868 /vdms/src/vcl/TDBObject.cc: In instantiation of 'void VCL::TDBObject::set_schema(std::vector<T, std::allocator<_CharT> >&, const std::string&, ORDER, ORDER, tiledb::ArraySchema&) [with T = unsigned char; std::string = std::__cxx11::basic_string<char>]':
#35 8.868 /vdms/src/vcl/TDBObject.cc:515:70:   required from here
#35 8.868 /vdms/src/vcl/TDBObject.cc:487:17: warning: unused variable 'value' [-Wunused-variable]
#35 8.868   487 |   for (const T &value : cell_val_num) {
#35 8.868       |                 ^~~~~
#35 8.868 /vdms/src/vcl/TDBObject.cc:484:47: warning: unused parameter 'object_id' [-Wunused-parameter]
#35 8.868   484 |                            const std::string &object_id, ORDER tile_order,
#35 8.868       |                            ~~~~~~~~~~~~~~~~~~~^~~~~~~~~
#35 8.869 /vdms/src/vcl/TDBObject.cc: In instantiation of 'void VCL::TDBObject::set_schema(std::vector<T, std::allocator<_CharT> >&, const std::string&, ORDER, ORDER, tiledb::ArraySchema&) [with T = long int; std::string = std::__cxx11::basic_string<char>]':
#35 8.869 /vdms/src/vcl/TDBObject.cc:519:70:   required from here
#35 8.869 /vdms/src/vcl/TDBObject.cc:487:17: warning: unused variable 'value' [-Wunused-variable]
#35 8.869   487 |   for (const T &value : cell_val_num) {
#35 8.869       |                 ^~~~~
#35 8.869 /vdms/src/vcl/TDBObject.cc:484:47: warning: unused parameter 'object_id' [-Wunused-parameter]
#35 8.869   484 |                            const std::string &object_id, ORDER tile_order,
#35 8.869       |                            ~~~~~~~~~~~~~~~~~~~^~~~~~~~~
#35 8.869 /vdms/src/vcl/TDBObject.cc: In instantiation of 'void VCL::TDBObject::set_schema(std::vector<T, std::allocator<_CharT> >&, const std::string&, ORDER, ORDER, tiledb::ArraySchema&) [with T = long unsigned int; std::string = std::__cxx11::basic_string<char>]':
#35 8.869 /vdms/src/vcl/TDBObject.cc:523:70:   required from here
#35 8.869 /vdms/src/vcl/TDBObject.cc:487:17: warning: unused variable 'value' [-Wunused-variable]
#35 8.869   487 |   for (const T &value : cell_val_num) {
#35 8.869       |                 ^~~~~
#35 8.870 /vdms/src/vcl/TDBObject.cc:484:47: warning: unused parameter 'object_id' [-Wunused-parameter]
#35 8.870   484 |                            const std::string &object_id, ORDER tile_order,
#35 8.870       |                            ~~~~~~~~~~~~~~~~~~~^~~~~~~~~
#35 8.870 /vdms/src/vcl/TDBObject.cc: In instantiation of 'void VCL::TDBObject::set_schema(std::vector<T, std::allocator<_CharT> >&, const std::string&, ORDER, ORDER, tiledb::ArraySchema&) [with T = float; std::string = std::__cxx11::basic_string<char>]':
#35 8.870 /vdms/src/vcl/TDBObject.cc:527:70:   required from here
#35 8.870 /vdms/src/vcl/TDBObject.cc:487:17: warning: unused variable 'value' [-Wunused-variable]
#35 8.870   487 |   for (const T &value : cell_val_num) {
#35 8.870       |                 ^~~~~
#35 8.870 /vdms/src/vcl/TDBObject.cc:484:47: warning: unused parameter 'object_id' [-Wunused-parameter]
#35 8.870   484 |                            const std::string &object_id, ORDER tile_order,
#35 8.870       |                            ~~~~~~~~~~~~~~~~~~~^~~~~~~~~
#35 8.874 [ 50%] Building CXX object src/pmgd/src/CMakeFiles/pmgd.dir/StringTable.cc.o
#35 8.875 /vdms/src/vcl/TDBObject.cc: In instantiation of 'void VCL::TDBObject::read_metadata(const std::string&, const std::vector<T, std::allocator<_CharT> >&, std::vector<long unsigned int>&, std::string&) [with T = int; std::string = std::__cxx11::basic_string<char>]':
#35 8.875 /vdms/src/vcl/TDBObject.cc:586:62:   required from here
#35 8.875 /vdms/src/vcl/TDBObject.cc:570:23: warning: comparison of integer expressions of different signedness: 'int' and 'std::vector<unsigned char>::size_type' {aka 'long unsigned int'} [-Wsign-compare]
#35 8.875   570 |     for (int i = 0; i < temp_values.size(); ++i) {
#35 8.875       |                     ~~^~~~~~~~~~~~~~~~~~~~
#35 8.875 cd /vdms/build/src/pmgd/src && /usr/bin/c++ -DCOMMIT_ID=\"632192f\" -Dpmgd_EXPORTS -I/vdms/build -I/vdms/src/pmgd/src/../include -Wall -std=c++14 -fPIC -g -fPIC -std=c++17 -MD -MT src/pmgd/src/CMakeFiles/pmgd.dir/StringTable.cc.o -MF CMakeFiles/pmgd.dir/StringTable.cc.o.d -o CMakeFiles/pmgd.dir/StringTable.cc.o -c /vdms/src/pmgd/src/StringTable.cc
#35 8.876 /vdms/src/vcl/TDBObject.cc: In instantiation of 'void VCL::TDBObject::read_metadata(const std::string&, const std::vector<T, std::allocator<_CharT> >&, std::vector<long unsigned int>&, std::string&) [with T = long unsigned int; std::string = std::__cxx11::basic_string<char>]':
#35 8.876 /vdms/src/vcl/TDBObject.cc:590:62:   required from here
#35 8.876 /vdms/src/vcl/TDBObject.cc:570:23: warning: comparison of integer expressions of different signedness: 'int' and 'std::vector<unsigned char>::size_type' {aka 'long unsigned int'} [-Wsign-compare]
#35 8.876 /vdms/src/vcl/TDBObject.cc: In instantiation of 'void VCL::TDBObject::read_metadata(const std::string&, const std::vector<T, std::allocator<_CharT> >&, std::vector<long unsigned int>&, std::string&) [with T = long int; std::string = std::__cxx11::basic_string<char>]':
#35 8.876 /vdms/src/vcl/TDBObject.cc:594:62:   required from here
#35 8.876 /vdms/src/vcl/TDBObject.cc:570:23: warning: comparison of integer expressions of different signedness: 'int' and 'std::vector<unsigned char>::size_type' {aka 'long unsigned int'} [-Wsign-compare]
#35 8.878 In file included from /vdms/src/pmgd/src/../include/iterator.h:36,
#35 8.878                  from /vdms/src/pmgd/src/../include/graph.h:34,
#35 8.878                  from /vdms/src/pmgd/src/PropertyList.cc:36:
#35 8.878 /vdms/src/pmgd/src/../include/property.h: In constructor 'PMGD::Time::Time()':
#35 8.878 /vdms/src/pmgd/src/../include/property.h:70:24: warning: 'void* memset(void*, int, size_t)' clearing an object of non-trivial type 'struct PMGD::Time'; use assignment or value-initialization instead [-Wclass-memaccess]
#35 8.878    70 |         Time() { memset(this, 0, sizeof(Time)); }
#35 8.878       |                  ~~~~~~^~~~~~~~~~~~~~~~~~~~~~~
#35 8.878 /vdms/src/pmgd/src/../include/property.h:45:12: note: 'struct PMGD::Time' declared here
#35 8.878    45 |     struct Time {
#35 8.878       |            ^~~~
#35 8.882 /vdms/src/vcl/RemoteConnection.cc: In member function 'void VCL::RemoteConnection::ConfigureAws()':
#35 8.882 /vdms/src/vcl/RemoteConnection.cc:86:20: warning: suggest parentheses around assignment used as truth value [-Wparentheses]
#35 8.882    86 |     if (port_value = VDMS::VDMSConfig::instance()->get_proxy_port()) {
#35 8.882       |         ~~~~~~~~~~~^~~~~~~~~~~~~~~~~~~~~~~~~~~~~~~~~~~~~~~~~~~~~~~~
#35 8.961 [ 50%] Building CXX object src/pmgd/src/CMakeFiles/pmgd.dir/transaction.cc.o
#35 8.962 cd /vdms/build/src/pmgd/src && /usr/bin/c++ -DCOMMIT_ID=\"632192f\" -Dpmgd_EXPORTS -I/vdms/build -I/vdms/src/pmgd/src/../include -Wall -std=c++14 -fPIC -g -fPIC -std=c++17 -MD -MT src/pmgd/src/CMakeFiles/pmgd.dir/transaction.cc.o -MF CMakeFiles/pmgd.dir/transaction.cc.o.d -o CMakeFiles/pmgd.dir/transaction.cc.o -c /vdms/src/pmgd/src/transaction.cc
#35 9.003 /vdms/client/cpp/VideoQueryParser.h: In member function 'VDMS::Response VDMS::VideoQueryParser::ParseAddVideo(std::vector<std::__cxx11::basic_string<char> >, std::vector<std::__cxx11::basic_string<char> >&)':
#35 9.003 /vdms/client/cpp/VideoQueryParser.h:75:1: warning: control reaches end of non-void function [-Wreturn-type]
#35 9.003    75 | }
#35 9.003       | ^
#35 9.117 In file included from /vdms/src/pmgd/src/../include/iterator.h:36,
#35 9.117                  from /vdms/src/pmgd/src/../include/graph.h:34,
#35 9.117                  from /vdms/src/pmgd/src/GraphConfig.h:35,
#35 9.117                  from /vdms/src/pmgd/src/StringTable.h:34,
#35 9.117                  from /vdms/src/pmgd/src/stringid.cc:33:
#35 9.117 /vdms/src/pmgd/src/../include/property.h: In constructor 'PMGD::Time::Time()':
#35 9.117 /vdms/src/pmgd/src/../include/property.h:70:24: warning: 'void* memset(void*, int, size_t)' clearing an object of non-trivial type 'struct PMGD::Time'; use assignment or value-initialization instead [-Wclass-memaccess]
#35 9.117    70 |         Time() { memset(this, 0, sizeof(Time)); }
#35 9.117       |                  ~~~~~~^~~~~~~~~~~~~~~~~~~~~~~
#35 9.117 /vdms/src/pmgd/src/../include/property.h:45:12: note: 'struct PMGD::Time' declared here
#35 9.117    45 |     struct Time {
#35 9.117       |            ^~~~
#35 9.122 [ 50%] Building CXX object src/pmgd/java/CMakeFiles/pmgd-jni.dir/Transaction.cc.o
#35 9.122 cd /vdms/build/src/pmgd/java && /usr/bin/c++  -I/vdms/build -I/vdms/src/pmgd/java/../include -I/vdms/src/pmgd/java/../util -I/vdms/build/src/pmgd/java -I/usr/lib/jvm/java-17-openjdk-amd64/include -I/usr/lib/jvm/java-17-openjdk-amd64/include/linux -Wall -std=c++14 -g -fPIC -std=c++17 -MD -MT src/pmgd/java/CMakeFiles/pmgd-jni.dir/Transaction.cc.o -MF CMakeFiles/pmgd-jni.dir/Transaction.cc.o.d -o CMakeFiles/pmgd-jni.dir/Transaction.cc.o -c /vdms/src/pmgd/java/Transaction.cc
#35 9.292 In file included from /vdms/src/vcl/../../include/vcl/VCL.h:37:
#35 9.292 /vdms/src/vcl/../../include/vcl/Video.h: In constructor 'VCL::Video::Interval::Interval(VCL::Video::Unit, int, int, int)':
#35 9.292 /vdms/src/vcl/../../include/vcl/Video.h:569:17: warning: 'VCL::Video::Interval::_u' will be initialized after [-Wreorder]
#35 9.292   569 |     Video::Unit _u;
#35 9.292       |                 ^~
#35 9.292 /vdms/src/vcl/../../include/vcl/Video.h:566:9: warning:   'int VCL::Video::Interval::_start' [-Wreorder]
#35 9.292   566 |     int _start;
#35 9.292       |         ^~~~~~
#35 9.292 /vdms/src/vcl/../../include/vcl/Video.h:580:5: warning:   when initialized here [-Wreorder]
#35 9.292   580 |     Interval(Video::Unit u, const int start, const int stop, int step)
#35 9.292       |     ^~~~~~~~
#35 9.296 /vdms/src/vcl/TDBImage.cc: In member function 'void VCL::TDBImage::operator=(VCL::TDBImage&)':
#35 9.296 /vdms/src/vcl/TDBImage.cc:149:18: warning: unused variable 'temp' [-Wunused-variable]
#35 9.296   149 |   unsigned char *temp = _raw_data;
#35 9.296       |                  ^~~~
#35 9.297 /vdms/src/vcl/TDBImage.cc: In member function 'bool VCL::TDBImage::operator==(const VCL::TDBImage&)':
#35 9.297 /vdms/src/vcl/TDBImage.cc:183:32: warning: comparison of integer expressions of different signedness: 'size_t' {aka 'long unsigned int'} and 'long int' [-Wsign-compare]
#35 9.297   183 |   for (size_t index = 0; index < _img_size; index++) {
#35 9.297       |                          ~~~~~~^~~~~~~~~~~
#35 9.303 /vdms/src/vcl/TDBImage.cc: In member function 'void VCL::TDBImage::write(const std::string&, bool)':
#35 9.303 /vdms/src/vcl/TDBImage.cc:314:56: warning: unused parameter 'metadata' [-Wunused-parameter]
#35 9.303   314 | void TDBImage::write(const std::string &image_id, bool metadata) {
#35 9.303       |                                                   ~~~~~^~~~~~~~
#35 9.306 /vdms/src/vcl/TDBImage.cc: In member function 'void VCL::TDBImage::write(const cv::Mat&, bool)':
#35 9.306 /vdms/src/vcl/TDBImage.cc:421:23: warning: comparison of integer expressions of different signedness: 'int' and 'uint64_t' {aka 'long unsigned int'} [-Wsign-compare]
#35 9.306   421 |     for (int i = 0; i < _img_height; ++i) {
#35 9.306       |                     ~~^~~~~~~~~~~~~
#35 9.307 /vdms/src/vcl/TDBImage.cc:362:50: warning: unused parameter 'metadata' [-Wunused-parameter]
#35 9.307   362 | void TDBImage::write(const cv::Mat &cv_img, bool metadata) {
#35 9.307       |                                             ~~~~~^~~~~~~~
#35 9.307 /vdms/src/vcl/TDBImage.cc: In member function 'void VCL::TDBImage::read(const VCL::Rectangle&)':
#35 9.307 /vdms/src/vcl/TDBImage.cc:464:21: warning: comparison of integer expressions of different signedness: 'uint64_t' {aka 'long unsigned int'} and 'int' [-Wsign-compare]
#35 9.307   464 |     if (_img_height < rect.height + rect.y || _img_width < rect.width + rect.x)
#35 9.307       |         ~~~~~~~~~~~~^~~~~~~~~~~~~~~~~~~~~~
#35 9.307 /vdms/src/vcl/TDBImage.cc:464:58: warning: comparison of integer expressions of different signedness: 'uint64_t' {aka 'long unsigned int'} and 'int' [-Wsign-compare]
#35 9.307   464 |     if (_img_height < rect.height + rect.y || _img_width < rect.width + rect.x)
#35 9.307       |                                               ~~~~~~~~~~~^~~~~~~~~~~~~~~~~~~~~
#35 9.310 /vdms/src/vcl/TDBImage.cc: In member function 'void VCL::TDBImage::get_tile_coordinates(int64_t*, int, int)':
#35 9.310 /vdms/src/vcl/TDBImage.cc:558:15: warning: comparison of integer expressions of different signedness: 'int' and 'uint64_t' {aka 'long unsigned int'} [-Wsign-compare]
#35 9.310   558 |   if (row_end > _img_height)
#35 9.310       |       ~~~~~~~~^~~~~~~~~~~~~
#35 9.310 /vdms/src/vcl/TDBImage.cc:561:18: warning: comparison of integer expressions of different signedness: 'int' and 'uint64_t' {aka 'long unsigned int'} [-Wsign-compare]
#35 9.310   561 |   if (column_end > _img_width)
#35 9.310       |       ~~~~~~~~~~~^~~~~~~~~~~~
#35 9.310 /vdms/src/vcl/TDBImage.cc: In member function 'void VCL::TDBImage::get_index_value(unsigned char*, int, float, float)':
#35 9.310 /vdms/src/vcl/TDBImage.cc:579:20: warning: comparison of integer expressions of different signedness: 'int' and 'uint64_t' {aka 'long unsigned int'} [-Wsign-compare]
#35 9.310   579 |   if (column_right > _img_width - 1)
#35 9.310       |       ~~~~~~~~~~~~~^~~~~~~~~~~~~~~~
#35 9.310 /vdms/src/vcl/TDBImage.cc:584:18: warning: comparison of integer expressions of different signedness: 'int' and 'uint64_t' {aka 'long unsigned int'} [-Wsign-compare]
#35 9.310   584 |   if (row_bottom > _img_height - 1)
#35 9.310       |       ~~~~~~~~~~~^~~~~~~~~~~~~~~~~
#35 9.310 /vdms/src/vcl/TDBImage.cc:592:21: warning: comparison of integer expressions of different signedness: 'int' and 'uint64_t' {aka 'long unsigned int'} [-Wsign-compare]
#35 9.310   592 |   for (int x = 0; x < _img_channels; ++x) {
#35 9.310       |                   ~~^~~~~~~~~~~~~~~
#35 9.315 In file included from /vdms/src/pmgd/src/../include/iterator.h:36,
#35 9.315                  from /vdms/src/pmgd/src/../include/graph.h:34,
#35 9.315                  from /vdms/src/pmgd/src/GraphConfig.h:35,
#35 9.315                  from /vdms/src/pmgd/src/StringTable.h:34,
#35 9.315                  from /vdms/src/pmgd/src/StringTable.cc:32:
#35 9.315 /vdms/src/pmgd/src/../include/property.h: In constructor 'PMGD::Time::Time()':
#35 9.315 /vdms/src/pmgd/src/../include/property.h:70:24: warning: 'void* memset(void*, int, size_t)' clearing an object of non-trivial type 'struct PMGD::Time'; use assignment or value-initialization instead [-Wclass-memaccess]
#35 9.315    70 |         Time() { memset(this, 0, sizeof(Time)); }
#35 9.315       |                  ~~~~~~^~~~~~~~~~~~~~~~~~~~~~~
#35 9.315 /vdms/src/pmgd/src/../include/property.h:45:12: note: 'struct PMGD::Time' declared here
#35 9.315    45 |     struct Time {
#35 9.315       |            ^~~~
#35 9.330 In file included from /vdms/src/pmgd/java/../include/pmgd.h:38,
#35 9.330                  from /vdms/src/pmgd/java/Transaction.cc:31:
#35 9.330 /vdms/src/pmgd/java/../include/property.h: In constructor 'PMGD::Time::Time()':
#35 9.330 /vdms/src/pmgd/java/../include/property.h:70:24: warning: 'void* memset(void*, int, size_t)' clearing an object of non-trivial type 'struct PMGD::Time'; use assignment or value-initialization instead [-Wclass-memaccess]
#35 9.330    70 |         Time() { memset(this, 0, sizeof(Time)); }
#35 9.330       |                  ~~~~~~^~~~~~~~~~~~~~~~~~~~~~~
#35 9.330 /vdms/src/pmgd/java/../include/property.h:45:12: note: 'struct PMGD::Time' declared here
#35 9.330    45 |     struct Time {
#35 9.330       |            ^~~~
#35 9.457 /vdms/src/vcl/utils.cc: In function 'uint64_t VCL::combine(uint64_t, uint64_t)':
#35 9.457 /vdms/src/vcl/utils.cc:108:21: warning: comparison of integer expressions of different signedness: 'int' and 'uint64_t' {aka 'long unsigned int'} [-Wsign-compare]
#35 9.457   108 |   while (multiplier <= a) {
#35 9.457       |          ~~~~~~~~~~~^~~~
#35 9.457 /vdms/src/vcl/utils.cc: In function 'uint64_t VCL::get_uint64()':
#35 9.457 /vdms/src/vcl/utils.cc:119:5: warning: statement has no effect [-Wunused-value]
#35 9.457   119 |     init_rand;
#35 9.457       |     ^~~~~~~~~
#35 9.471 In file included from /vdms/src/pmgd/src/../include/iterator.h:36,
#35 9.471                  from /vdms/src/pmgd/src/../include/graph.h:34,
#35 9.471                  from /vdms/src/pmgd/src/../include/transaction.h:33,
#35 9.471                  from /vdms/src/pmgd/src/transaction.cc:34:
#35 9.471 /vdms/src/pmgd/src/../include/property.h: In constructor 'PMGD::Time::Time()':
#35 9.471 /vdms/src/pmgd/src/../include/property.h:70:24: warning: 'void* memset(void*, int, size_t)' clearing an object of non-trivial type 'struct PMGD::Time'; use assignment or value-initialization instead [-Wclass-memaccess]
#35 9.471    70 |         Time() { memset(this, 0, sizeof(Time)); }
#35 9.471       |                  ~~~~~~^~~~~~~~~~~~~~~~~~~~~~~
#35 9.471 /vdms/src/pmgd/src/../include/property.h:45:12: note: 'struct PMGD::Time' declared here
#35 9.471    45 |     struct Time {
#35 9.471       |            ^~~~
#35 9.559 /vdms/src/vcl/../../include/vcl/Video.h: In constructor 'VCL::Video::Interval::Interval(VCL::Video::Unit, int, int, int)':
#35 9.559 /vdms/src/vcl/../../include/vcl/Video.h:569:17: warning: 'VCL::Video::Interval::_u' will be initialized after [-Wreorder]
#35 9.559   569 |     Video::Unit _u;
#35 9.559       |                 ^~
#35 9.559 /vdms/src/vcl/../../include/vcl/Video.h:566:9: warning:   'int VCL::Video::Interval::_start' [-Wreorder]
#35 9.559   566 |     int _start;
#35 9.559       |         ^~~~~~
#35 9.559 /vdms/src/vcl/../../include/vcl/Video.h:580:5: warning:   when initialized here [-Wreorder]
#35 9.559   580 |     Interval(Video::Unit u, const int start, const int stop, int step)
#35 9.559       |     ^~~~~~~~
#35 9.560 /vdms/src/vcl/../../include/vcl/Video.h: In constructor 'VCL::Video::Video()':
#35 9.560 /vdms/src/vcl/../../include/vcl/Video.h:466:9: warning: 'VCL::Video::_fps' will be initialized after [-Wreorder]
#35 9.560   466 |   float _fps;
#35 9.560       |         ^~~~
#35 9.560 /vdms/src/vcl/../../include/vcl/Video.h:450:15: warning:   'std::string VCL::Video::_video_id' [-Wreorder]
#35 9.560   450 |   std::string _video_id;
#35 9.560       |               ^~~~~~~~~
#35 9.560 /vdms/src/vcl/Video.cc:43:1: warning:   when initialized here [-Wreorder]
#35 9.560    43 | Video::Video()
#35 9.560       | ^~~~~
#35 9.560 /vdms/src/vcl/../../include/vcl/Video.h:468:9: warning: 'VCL::Video::_codec' will be initialized after [-Wreorder]
#35 9.560   468 |   Codec _codec; // (h.264, etc).
#35 9.560       |         ^~~~~~
#35 9.560 /vdms/src/vcl/../../include/vcl/Video.h:87:21: warning:   'VCL::RemoteConnection* VCL::Video::_remote' [-Wreorder]
#35 9.560    87 |   RemoteConnection *_remote; // Remote connection (if one exists)
#35 9.560       |                     ^~~~~~~
#35 9.560 /vdms/src/vcl/Video.cc:43:1: warning:   when initialized here [-Wreorder]
#35 9.560    43 | Video::Video()
#35 9.560       | ^~~~~
#35 9.585 /vdms/src/vcl/Video.cc: In member function 'void VCL::Video::set_video_writer_size(int)':
#35 9.585 /vdms/src/vcl/Video.cc:425:28: warning: comparison of integer expressions of different signedness: 'int' and 'std::__cxx11::list<std::shared_ptr<VCL::Video::Operation> >::size_type' {aka 'long unsigned int'} [-Wsign-compare]
#35 9.585   425 |   for (int j = op_count; j < _operations.size(); j++) {
#35 9.585       |                          ~~^~~~~~~~~~~~~~~~~~~~
#35 9.592 /vdms/src/vcl/Video.cc: In member function 'int VCL::Video::perform_single_frame_operations(std::string, int, std::string)':
#35 9.592 /vdms/src/vcl/Video.cc:535:26: warning: comparison of integer expressions of different signedness: 'int' and 'std::__cxx11::list<std::shared_ptr<VCL::Video::Operation> >::size_type' {aka 'long unsigned int'} [-Wsign-compare]
#35 9.592   535 |     for (i = op_count; i < _operations.size(); i++) {
#35 9.592       |                        ~~^~~~~~~~~~~~~~~~~~~~
#35 9.593 /vdms/src/vcl/Video.cc:547:15: warning: comparison of integer expressions of different signedness: 'int' and 'std::__cxx11::list<std::shared_ptr<VCL::Video::Operation> >::size_type' {aka 'long unsigned int'} [-Wsign-compare]
#35 9.593   547 |         if (i == _operations.size() - 1) {
#35 9.593       |             ~~^~~~~~~~~~~~~~~~~~~~~~~~~
#35 9.596 /vdms/src/vcl/Video.cc: In member function 'void VCL::Video::perform_operations(bool, std::string)':
#35 9.596 /vdms/src/vcl/Video.cc:614:23: warning: comparison of integer expressions of different signedness: 'int' and 'std::__cxx11::list<std::shared_ptr<VCL::Video::Operation> >::size_type' {aka 'long unsigned int'} [-Wsign-compare]
#35 9.596   614 |       while (op_count < _operations.size()) {
#35 9.596       |              ~~~~~~~~~^~~~~~~~~~~~~~~~~~~~
#35 9.596 /vdms/src/vcl/Video.cc:625:22: warning: comparison of integer expressions of different signedness: 'int' and 'std::__cxx11::list<std::shared_ptr<VCL::Video::Operation> >::size_type' {aka 'long unsigned int'} [-Wsign-compare]
#35 9.596   625 |         if (op_count < _operations.size()) {
#35 9.596       |             ~~~~~~~~~^~~~~~~~~~~~~~~~~~~~
#35 9.610 [ 50%] Linking CXX shared library libvdms-client.so
#35 9.610 cd /vdms/build/client/cpp && /usr/local/bin/cmake -E cmake_link_script CMakeFiles/vdms-client.dir/link.txt --verbose=1
#35 9.615 /usr/bin/c++ -fPIC  -Wall -shared -Wl,-soname,libvdms-client.so -o libvdms-client.so "CMakeFiles/vdms-client.dir/VDMSClient.cc.o" "CMakeFiles/vdms-client.dir/CSVParserUtil.cpp.o" ../../CMakeFiles/vdms_protobuf.dir/partitionerMessages.pb.cc.o ../../CMakeFiles/vdms_protobuf.dir/pmgdMessages.pb.cc.o ../../CMakeFiles/vdms_protobuf.dir/queryMessage.pb.cc.o  -Wl,-rpath,/vdms/build/utils:/usr/local/lib -lprotobuf ../../utils/libvdms-utils.so -lpthread /usr/local/lib/libprotobuf.so.24.2.0 /usr/local/lib/libabsl_log_internal_check_op.so.2301.0.0 /usr/local/lib/libabsl_leak_check.so.2301.0.0 /usr/local/lib/libabsl_die_if_null.so.2301.0.0 /usr/local/lib/libabsl_log_internal_conditions.so.2301.0.0 /usr/local/lib/libabsl_log_internal_message.so.2301.0.0 /usr/local/lib/libabsl_log_internal_nullguard.so.2301.0.0 /usr/local/lib/libabsl_examine_stack.so.2301.0.0 /usr/local/lib/libabsl_log_internal_format.so.2301.0.0 /usr/local/lib/libabsl_log_internal_proto.so.2301.0.0 /usr/local/lib/libabsl_log_internal_log_sink_set.so.2301.0.0 /usr/local/lib/libabsl_log_sink.so.2301.0.0 /usr/local/lib/libabsl_log_entry.so.2301.0.0 /usr/local/lib/libabsl_flags.so.2301.0.0 /usr/local/lib/libabsl_flags_internal.so.2301.0.0 /usr/local/lib/libabsl_flags_marshalling.so.2301.0.0 /usr/local/lib/libabsl_flags_reflection.so.2301.0.0 /usr/local/lib/libabsl_flags_config.so.2301.0.0 /usr/local/lib/libabsl_flags_program_name.so.2301.0.0 /usr/local/lib/libabsl_flags_private_handle_accessor.so.2301.0.0 /usr/local/lib/libabsl_flags_commandlineflag.so.2301.0.0 /usr/local/lib/libabsl_flags_commandlineflag_internal.so.2301.0.0 /usr/local/lib/libabsl_log_initialize.so.2301.0.0 /usr/local/lib/libabsl_log_globals.so.2301.0.0 /usr/local/lib/libabsl_log_internal_globals.so.2301.0.0 /usr/local/lib/libabsl_hash.so.2301.0.0 /usr/local/lib/libabsl_city.so.2301.0.0 /usr/local/lib/libabsl_low_level_hash.so.2301.0.0 /usr/local/lib/libabsl_raw_hash_set.so.2301.0.0 /usr/local/lib/libabsl_hashtablez_sampler.so.2301.0.0 /usr/local/lib/libabsl_statusor.so.2301.0.0 /usr/local/lib/libabsl_status.so.2301.0.0 /usr/local/lib/libabsl_cord.so.2301.0.0 /usr/local/lib/libabsl_cordz_info.so.2301.0.0 /usr/local/lib/libabsl_cord_internal.so.2301.0.0 /usr/local/lib/libabsl_cordz_functions.so.2301.0.0 /usr/local/lib/libabsl_exponential_biased.so.2301.0.0 /usr/local/lib/libabsl_cordz_handle.so.2301.0.0 /usr/local/lib/libabsl_crc_cord_state.so.2301.0.0 /usr/local/lib/libabsl_crc32c.so.2301.0.0 /usr/local/lib/libabsl_crc_internal.so.2301.0.0 /usr/local/lib/libabsl_crc_cpu_detect.so.2301.0.0 /usr/local/lib/libabsl_bad_optional_access.so.2301.0.0 /usr/local/lib/libabsl_str_format_internal.so.2301.0.0 /usr/local/lib/libabsl_strerror.so.2301.0.0 /usr/local/lib/libabsl_synchronization.so.2301.0.0 /usr/local/lib/libabsl_stacktrace.so.2301.0.0 /usr/local/lib/libabsl_symbolize.so.2301.0.0 /usr/local/lib/libabsl_debugging_internal.so.2301.0.0 /usr/local/lib/libabsl_demangle_internal.so.2301.0.0 /usr/local/lib/libabsl_graphcycles_internal.so.2301.0.0 /usr/local/lib/libabsl_malloc_internal.so.2301.0.0 /usr/local/lib/libabsl_time.so.2301.0.0 /usr/local/lib/libabsl_strings.so.2301.0.0 /usr/local/lib/libabsl_throw_delegate.so.2301.0.0 /usr/local/lib/libabsl_strings_internal.so.2301.0.0 /usr/local/lib/libabsl_base.so.2301.0.0 /usr/local/lib/libabsl_spinlock_wait.so.2301.0.0 /usr/local/lib/libabsl_int128.so.2301.0.0 /usr/local/lib/libabsl_civil_time.so.2301.0.0 /usr/local/lib/libabsl_time_zone.so.2301.0.0 /usr/local/lib/libabsl_bad_variant_access.so.2301.0.0 /usr/local/lib/libabsl_raw_logging_internal.so.2301.0.0 /usr/local/lib/libabsl_log_severity.so.2301.0.0 -lkubernetes 
#35 9.638 /vdms/src/vcl/Video.cc: In member function 'void VCL::Video::store(const std::string&, Codec)':
#35 9.638 /vdms/src/vcl/Video.cc:809:61: warning: unused parameter 'video_codec' [-Wunused-parameter]
#35 9.638   809 | void Video::store(const std::string &video_id, Video::Codec video_codec) {
#35 9.638       |                                                ~~~~~~~~~~~~~^~~~~~~~~~~
#35 9.638 /vdms/src/vcl/Video.cc: In member function 'virtual void VCL::Video::Resize::operator()(VCL::Video*, cv::Mat&, std::string)':
#35 9.638 /vdms/src/vcl/Video.cc:831:74: warning: unused parameter 'args' [-Wunused-parameter]
#35 9.638   831 | void Video::Resize::operator()(Video *video, cv::Mat &frame, std::string args) {
#35 9.638       |                                                              ~~~~~~~~~~~~^~~~
#35 9.639 /vdms/src/vcl/Video.cc: In member function 'virtual void VCL::Video::Crop::operator()(VCL::Video*, cv::Mat&, std::string)':
#35 9.639 /vdms/src/vcl/Video.cc:849:72: warning: unused parameter 'args' [-Wunused-parameter]
#35 9.639   849 | void Video::Crop::operator()(Video *video, cv::Mat &frame, std::string args) {
#35 9.639       |                                                            ~~~~~~~~~~~~^~~~
#35 9.639 /vdms/src/vcl/Video.cc: In member function 'virtual void VCL::Video::Threshold::operator()(VCL::Video*, cv::Mat&, std::string)':
#35 9.639 /vdms/src/vcl/Video.cc:867:47: warning: unused parameter 'args' [-Wunused-parameter]
#35 9.639   867 |                                   std::string args) {
#35 9.639       |                                   ~~~~~~~~~~~~^~~~
#35 9.642 /vdms/src/vcl/Video.cc: In member function 'virtual void VCL::Video::Interval::operator()(VCL::Video*, cv::Mat&, std::string)':
#35 9.642 /vdms/src/vcl/Video.cc:881:57: warning: unused parameter 'frame' [-Wunused-parameter]
#35 9.642   881 | void Video::Interval::operator()(Video *video, cv::Mat &frame,
#35 9.642       |                                                ~~~~~~~~~^~~~~
#35 9.649 /vdms/src/vcl/Video.cc: In member function 'virtual void VCL::Video::SyncRemoteOperation::operator()(VCL::Video*, cv::Mat&, std::string)':
#35 9.649 /vdms/src/vcl/Video.cc:1065:16: warning: unused variable 'res' [-Wunused-variable]
#35 9.649  1065 |       CURLcode res;
#35 9.649       |                ^~~
#35 9.649 /vdms/src/vcl/Video.cc:1066:26: warning: unused variable 'headers' [-Wunused-variable]
#35 9.649  1066 |       struct curl_slist *headers = NULL;
#35 9.649       |                          ^~~~~~~
#35 9.650 /vdms/src/vcl/Video.cc:1056:68: warning: unused parameter 'frame' [-Wunused-parameter]
#35 9.650  1056 | void Video::SyncRemoteOperation::operator()(Video *video, cv::Mat &frame,
#35 9.650       |                                                           ~~~~~~~~~^~~~~
#35 9.651 /vdms/src/vcl/Video.cc: In member function 'virtual void VCL::Video::RemoteOperation::operator()(VCL::Video*, cv::Mat&, std::string)':
#35 9.651 /vdms/src/vcl/Video.cc:1197:64: warning: unused parameter 'frame' [-Wunused-parameter]
#35 9.651  1197 | void Video::RemoteOperation::operator()(Video *video, cv::Mat &frame,
#35 9.651       |                                                       ~~~~~~~~~^~~~~
#35 9.651 /vdms/src/vcl/Video.cc:1198:53: warning: unused parameter 'args' [-Wunused-parameter]
#35 9.651  1198 |                                         std::string args) {
#35 9.651       |                                         ~~~~~~~~~~~~^~~~
#35 9.654 /vdms/src/vcl/Video.cc: In member function 'virtual void VCL::Video::UserOperation::operator()(VCL::Video*, cv::Mat&, std::string)':
#35 9.654 /vdms/src/vcl/Video.cc:1214:62: warning: unused parameter 'frame' [-Wunused-parameter]
#35 9.654  1214 | void Video::UserOperation::operator()(Video *video, cv::Mat &frame,
#35 9.654       |                                                     ~~~~~~~~~^~~~~
#35 9.701 [ 50%] Linking CXX static library libpmgd-jni.a
#35 9.701 cd /vdms/build/src/pmgd/java && /usr/local/bin/cmake -P CMakeFiles/pmgd-jni.dir/cmake_clean_target.cmake
#35 9.707 cd /vdms/build/src/pmgd/java && /usr/local/bin/cmake -E cmake_link_script CMakeFiles/pmgd-jni.dir/link.txt --verbose=1
#35 9.712 /usr/bin/ar qc libpmgd-jni.a "CMakeFiles/pmgd-jni.dir/common.cc.o" "CMakeFiles/pmgd-jni.dir/Edge.cc.o" "CMakeFiles/pmgd-jni.dir/EdgeIterator.cc.o" "CMakeFiles/pmgd-jni.dir/Exception.cc.o" "CMakeFiles/pmgd-jni.dir/Graph.cc.o" "CMakeFiles/pmgd-jni.dir/Node.cc.o" "CMakeFiles/pmgd-jni.dir/NodeIterator.cc.o" "CMakeFiles/pmgd-jni.dir/Property.cc.o" "CMakeFiles/pmgd-jni.dir/PropertyIterator.cc.o" "CMakeFiles/pmgd-jni.dir/PropertyPredicate.cc.o" "CMakeFiles/pmgd-jni.dir/StringID.cc.o" "CMakeFiles/pmgd-jni.dir/Transaction.cc.o"
#35 9.731 /usr/bin/ranlib libpmgd-jni.a
#35 9.753 make[2]: Leaving directory '/vdms/build'
#35 9.755 [ 50%] Building CXX object src/pmgd/src/CMakeFiles/pmgd.dir/TransactionManager.cc.o
#35 9.756 cd /vdms/build/src/pmgd/src && /usr/bin/c++ -DCOMMIT_ID=\"632192f\" -Dpmgd_EXPORTS -I/vdms/build -I/vdms/src/pmgd/src/../include -Wall -std=c++14 -fPIC -g -fPIC -std=c++17 -MD -MT src/pmgd/src/CMakeFiles/pmgd.dir/TransactionManager.cc.o -MF CMakeFiles/pmgd.dir/TransactionManager.cc.o.d -o CMakeFiles/pmgd.dir/TransactionManager.cc.o -c /vdms/src/pmgd/src/TransactionManager.cc
#35 9.758 [ 50%] Built target pmgd-jni
#35 9.764 [ 51%] Building CXX object src/pmgd/src/CMakeFiles/pmgd.dir/VariableAllocator.cc.o
#35 9.765 cd /vdms/build/src/pmgd/src && /usr/bin/c++ -DCOMMIT_ID=\"632192f\" -Dpmgd_EXPORTS -I/vdms/build -I/vdms/src/pmgd/src/../include -Wall -std=c++14 -fPIC -g -fPIC -std=c++17 -MD -MT src/pmgd/src/CMakeFiles/pmgd.dir/VariableAllocator.cc.o -MF CMakeFiles/pmgd.dir/VariableAllocator.cc.o.d -o CMakeFiles/pmgd.dir/VariableAllocator.cc.o -c /vdms/src/pmgd/src/VariableAllocator.cc
#35 9.851 make[2]: Leaving directory '/vdms/build'
#35 9.856 [ 51%] Built target vdms-client
#35 9.857 make  -f distributed/CMakeFiles/meta_data.dir/build.make distributed/CMakeFiles/meta_data.dir/depend
#35 9.859 make[2]: Entering directory '/vdms/build'
#35 9.859 cd /vdms/build && /usr/local/bin/cmake -E cmake_depends "Unix Makefiles" /vdms /vdms/distributed /vdms/build /vdms/build/distributed /vdms/build/distributed/CMakeFiles/meta_data.dir/DependInfo.cmake "--color="
#35 9.865 make[2]: Leaving directory '/vdms/build'
#35 9.865 make  -f distributed/CMakeFiles/meta_data.dir/build.make distributed/CMakeFiles/meta_data.dir/build
#35 9.867 make[2]: Entering directory '/vdms/build'
#35 9.872 [ 52%] Building CXX object distributed/CMakeFiles/meta_data.dir/kafka_test.cpp.o
#35 9.873 cd /vdms/build/distributed && /usr/bin/c++ -DPROTOBUF_USE_DLLS -I/vdms/build -I/vdms/build/distributed -I/vdms/distributed/../client/cpp -I/vdms/distributed/../utils/include -I/vdms/distributed/librdkafka/src -I/usr/include/jsoncpp -I/vdms/distributed/. -I/vdms/distributed/.. -Wall -g -O0 -Wall -coverage -fprofile-abs-path -std=gnu++17 -g -fPIC -std=c++17 -MD -MT distributed/CMakeFiles/meta_data.dir/kafka_test.cpp.o -MF CMakeFiles/meta_data.dir/kafka_test.cpp.o.d -o CMakeFiles/meta_data.dir/kafka_test.cpp.o -c /vdms/distributed/kafka_test.cpp
#35 10.33 make  -f distributed/CMakeFiles/image_data.dir/build.make distributed/CMakeFiles/image_data.dir/depend
#35 10.33 make[2]: Entering directory '/vdms/build'
#35 10.33 cd /vdms/build && /usr/local/bin/cmake -E cmake_depends "Unix Makefiles" /vdms /vdms/distributed /vdms/build /vdms/build/distributed /vdms/build/distributed/CMakeFiles/image_data.dir/DependInfo.cmake "--color="
#35 10.33 make[2]: Leaving directory '/vdms/build'
#35 10.33 make  -f distributed/CMakeFiles/image_data.dir/build.make distributed/CMakeFiles/image_data.dir/build
#35 10.34 make[2]: Entering directory '/vdms/build'
#35 10.34 [ 52%] Building CXX object distributed/CMakeFiles/image_data.dir/mutli_modal.cpp.o
#35 10.34 cd /vdms/build/distributed && /usr/bin/c++ -DPROTOBUF_USE_DLLS -I/vdms/build -I/vdms/build/distributed -I/vdms/distributed/../client/cpp -I/vdms/distributed/../utils/include -I/vdms/distributed/librdkafka/src -I/usr/include/jsoncpp -I/vdms/distributed/. -I/vdms/distributed/.. -Wall -g -O0 -Wall -coverage -fprofile-abs-path -std=gnu++17 -g -fPIC -std=c++17 -MD -MT distributed/CMakeFiles/image_data.dir/mutli_modal.cpp.o -MF CMakeFiles/image_data.dir/mutli_modal.cpp.o.d -o CMakeFiles/image_data.dir/mutli_modal.cpp.o -c /vdms/distributed/mutli_modal.cpp
#35 10.36 make  -f distributed/CMakeFiles/multi-modal.dir/build.make distributed/CMakeFiles/multi-modal.dir/depend
#35 10.36 make[2]: Entering directory '/vdms/build'
#35 10.36 cd /vdms/build && /usr/local/bin/cmake -E cmake_depends "Unix Makefiles" /vdms /vdms/distributed /vdms/build /vdms/build/distributed /vdms/build/distributed/CMakeFiles/multi-modal.dir/DependInfo.cmake "--color="
#35 10.37 make[2]: Leaving directory '/vdms/build'
#35 10.37 make  -f distributed/CMakeFiles/multi-modal.dir/build.make distributed/CMakeFiles/multi-modal.dir/build
#35 10.37 make[2]: Entering directory '/vdms/build'
#35 10.37 [ 52%] Building CXX object distributed/CMakeFiles/multi-modal.dir/adaptive_platform.cpp.o
#35 10.37 cd /vdms/build/distributed && /usr/bin/c++ -DPROTOBUF_USE_DLLS -I/vdms/build -I/vdms/build/distributed -I/vdms/distributed/../client/cpp -I/vdms/distributed/../utils/include -I/vdms/distributed/librdkafka/src -I/usr/include/jsoncpp -I/vdms/distributed/. -I/vdms/distributed/.. -Wall -g -O0 -Wall -coverage -fprofile-abs-path -std=gnu++17 -g -fPIC -std=c++17 -MD -MT distributed/CMakeFiles/multi-modal.dir/adaptive_platform.cpp.o -MF CMakeFiles/multi-modal.dir/adaptive_platform.cpp.o.d -o CMakeFiles/multi-modal.dir/adaptive_platform.cpp.o -c /vdms/distributed/adaptive_platform.cpp
#35 10.73 In file included from /vdms/src/pmgd/src/../include/iterator.h:36,
#35 10.73                  from /vdms/src/pmgd/src/../include/graph.h:34,
#35 10.73                  from /vdms/src/pmgd/src/GraphConfig.h:35,
#35 10.73                  from /vdms/src/pmgd/src/TransactionManager.h:38,
#35 10.73                  from /vdms/src/pmgd/src/TransactionManager.cc:32:
#35 10.73 /vdms/src/pmgd/src/../include/property.h: In constructor 'PMGD::Time::Time()':
#35 10.73 /vdms/src/pmgd/src/../include/property.h:70:24: warning: 'void* memset(void*, int, size_t)' clearing an object of non-trivial type 'struct PMGD::Time'; use assignment or value-initialization instead [-Wclass-memaccess]
#35 10.73    70 |         Time() { memset(this, 0, sizeof(Time)); }
#35 10.73       |                  ~~~~~~^~~~~~~~~~~~~~~~~~~~~~~
#35 10.73 /vdms/src/pmgd/src/../include/property.h:45:12: note: 'struct PMGD::Time' declared here
#35 10.73    45 |     struct Time {
#35 10.73       |            ^~~~
#35 10.77 In file included from /vdms/src/pmgd/src/../include/iterator.h:36,
#35 10.77                  from /vdms/src/pmgd/src/../include/graph.h:34,
#35 10.77                  from /vdms/src/pmgd/src/GraphConfig.h:35,
#35 10.77                  from /vdms/src/pmgd/src/TransactionManager.h:38,
#35 10.77                  from /vdms/src/pmgd/src/TransactionImpl.h:37,
#35 10.77                  from /vdms/src/pmgd/src/FixedAllocator.h:34,
#35 10.77                  from /vdms/src/pmgd/src/AllocatorUnit.h:37,
#35 10.77                  from /vdms/src/pmgd/src/VariableAllocator.cc:34:
#35 10.77 /vdms/src/pmgd/src/../include/property.h: In constructor 'PMGD::Time::Time()':
#35 10.77 /vdms/src/pmgd/src/../include/property.h:70:24: warning: 'void* memset(void*, int, size_t)' clearing an object of non-trivial type 'struct PMGD::Time'; use assignment or value-initialization instead [-Wclass-memaccess]
#35 10.77    70 |         Time() { memset(this, 0, sizeof(Time)); }
#35 10.77       |                  ~~~~~~^~~~~~~~~~~~~~~~~~~~~~~
#35 10.77 /vdms/src/pmgd/src/../include/property.h:45:12: note: 'struct PMGD::Time' declared here
#35 10.77    45 |     struct Time {
#35 10.77       |            ^~~~
#35 11.67 [ 52%] Linking CXX shared library libpmgd.so
#35 11.67 cd /vdms/build/src/pmgd/src && /usr/local/bin/cmake -E cmake_link_script CMakeFiles/pmgd.dir/link.txt --verbose=1
#35 11.67 /usr/bin/c++ -fPIC  -Wall -shared -Wl,-soname,libpmgd.so -o libpmgd.so CMakeFiles/pmgd.dir/Allocator.cc.o CMakeFiles/pmgd.dir/AllocatorUnit.cc.o CMakeFiles/pmgd.dir/AvlTree.cc.o CMakeFiles/pmgd.dir/AvlTreeIndex.cc.o CMakeFiles/pmgd.dir/ChunkAllocator.cc.o CMakeFiles/pmgd.dir/edge.cc.o CMakeFiles/pmgd.dir/EdgeIndex.cc.o CMakeFiles/pmgd.dir/FixedAllocator.cc.o CMakeFiles/pmgd.dir/FixSizeAllocator.cc.o CMakeFiles/pmgd.dir/FlexFixedAllocator.cc.o CMakeFiles/pmgd.dir/graph.cc.o CMakeFiles/pmgd.dir/GraphConfig.cc.o CMakeFiles/pmgd.dir/Index.cc.o CMakeFiles/pmgd.dir/IndexManager.cc.o CMakeFiles/pmgd.dir/IndexString.cc.o CMakeFiles/pmgd.dir/linux.cc.o CMakeFiles/pmgd.dir/node.cc.o CMakeFiles/pmgd.dir/property.cc.o CMakeFiles/pmgd.dir/PropertyList.cc.o CMakeFiles/pmgd.dir/stringid.cc.o CMakeFiles/pmgd.dir/StringTable.cc.o CMakeFiles/pmgd.dir/transaction.cc.o CMakeFiles/pmgd.dir/TransactionManager.cc.o CMakeFiles/pmgd.dir/VariableAllocator.cc.o 
#35 11.85 In file included from /vdms/distributed/kafka_test.cpp:1:
#35 11.85 /vdms/distributed/helpers.h: In function 'std::string query_body(std::string&, std::vector<std::__cxx11::basic_string<char>*>)':
#35 11.85 /vdms/distributed/helpers.h:79:57: warning: 'int google::protobuf::MessageLite::ByteSize() const' is deprecated: Please use ByteSizeLong() instead [-Wdeprecated-declarations]
#35 11.85    79 |   std::basic_string<char> msg_image(proto_query.ByteSize(), 0);
#35 11.85       |                                     ~~~~~~~~~~~~~~~~~~~~^~
#35 11.85 In file included from /usr/local/include/google/protobuf/generated_message_tctable_decl.h:44,
#35 11.85                  from /vdms/build/queryMessage.pb.h:27,
#35 11.85                  from /vdms/distributed/helpers.h:4:
#35 11.85 /usr/local/include/google/protobuf/message_lite.h:420:59: note: declared here
#35 11.85   420 |   [[deprecated("Please use ByteSizeLong() instead")]] int ByteSize() const {
#35 11.85       |                                                           ^~~~~~~~
#35 11.85 /vdms/distributed/helpers.h:80:55: warning: 'int google::protobuf::MessageLite::ByteSize() const' is deprecated: Please use ByteSizeLong() instead [-Wdeprecated-declarations]
#35 11.85    80 |   std::cout << "Sending size " << proto_query.ByteSize() << "\t"
#35 11.85       |                                   ~~~~~~~~~~~~~~~~~~~~^~
#35 11.85 /usr/local/include/google/protobuf/message_lite.h:420:59: note: declared here
#35 11.85   420 |   [[deprecated("Please use ByteSizeLong() instead")]] int ByteSize() const {
#35 11.85       |                                                           ^~~~~~~~
#35 11.85 /vdms/distributed/helpers.h: In function 'Json::Value add_set(std::string&)':
#35 11.85 /vdms/distributed/helpers.h:96:7: warning: the address of 'Json::Value add_set(std::string&)' will never be NULL [-Waddress]
#35 11.85    96 |   if (add_set)
#35 11.85       |       ^~~~~~~
#35 11.85 /vdms/distributed/helpers.h:88:13: note: 'Json::Value add_set(std::string&)' declared here
#35 11.85    88 | Json::Value add_set(std::string &name) {
#35 11.85       |             ^~~~~~~
#35 11.94 In file included from /vdms/distributed/kafka_test.cpp:4:
#35 11.94 /vdms/distributed/kafka_sender.h: In member function 'virtual void KafkaSender::Send(const std::string&, const std::string&, std::string)':
#35 11.94 /vdms/distributed/kafka_sender.h:54:10: warning: unused variable 'duration' [-Wunused-variable]
#35 11.94    54 |     long duration;
#35 11.94       |          ^~~~~~~~
#35 11.96 make[2]: Leaving directory '/vdms/build'
#35 11.97 [ 52%] Built target pmgd
#35 11.97 make  -f src/pmgd/tools/CMakeFiles/dumpgraph.dir/build.make src/pmgd/tools/CMakeFiles/dumpgraph.dir/depend
#35 11.97 make  -f src/pmgd/tools/CMakeFiles/loadgraph.dir/build.make src/pmgd/tools/CMakeFiles/loadgraph.dir/depend
#35 11.97 make  -f src/pmgd/tools/CMakeFiles/mkgraph.dir/build.make src/pmgd/tools/CMakeFiles/mkgraph.dir/depend
#35 11.97 make  -f src/pmgd/test/CMakeFiles/aborttest.dir/build.make src/pmgd/test/CMakeFiles/aborttest.dir/depend
#35 11.97 make  -f src/pmgd/test/CMakeFiles/allocaborttest.dir/build.make src/pmgd/test/CMakeFiles/allocaborttest.dir/depend
#35 11.97 make[2]: Entering directory '/vdms/build'
#35 11.97 cd /vdms/build && /usr/local/bin/cmake -E cmake_depends "Unix Makefiles" /vdms /vdms/src/pmgd/tools /vdms/build /vdms/build/src/pmgd/tools /vdms/build/src/pmgd/tools/CMakeFiles/dumpgraph.dir/DependInfo.cmake "--color="
#35 11.97 make  -f src/pmgd/test/CMakeFiles/alloctest.dir/build.make src/pmgd/test/CMakeFiles/alloctest.dir/depend
#35 11.97 make[2]: Entering directory '/vdms/build'
#35 11.97 cd /vdms/build && /usr/local/bin/cmake -E cmake_depends "Unix Makefiles" /vdms /vdms/src/pmgd/tools /vdms/build /vdms/build/src/pmgd/tools /vdms/build/src/pmgd/tools/CMakeFiles/loadgraph.dir/DependInfo.cmake "--color="
#35 11.97 make  -f src/pmgd/test/CMakeFiles/avltest.dir/build.make src/pmgd/test/CMakeFiles/avltest.dir/depend
#35 11.97 make[2]: Entering directory '/vdms/build'
#35 11.97 cd /vdms/build && /usr/local/bin/cmake -E cmake_depends "Unix Makefiles" /vdms /vdms/src/pmgd/tools /vdms/build /vdms/build/src/pmgd/tools /vdms/build/src/pmgd/tools/CMakeFiles/mkgraph.dir/DependInfo.cmake "--color="
#35 11.98 make  -f src/pmgd/test/CMakeFiles/chunklisttest.dir/build.make src/pmgd/test/CMakeFiles/chunklisttest.dir/depend
#35 11.98 make[2]: Entering directory '/vdms/build'
#35 11.98 cd /vdms/build && /usr/local/bin/cmake -E cmake_depends "Unix Makefiles" /vdms /vdms/src/pmgd/test /vdms/build /vdms/build/src/pmgd/test /vdms/build/src/pmgd/test/CMakeFiles/aborttest.dir/DependInfo.cmake "--color="
#35 11.98 make[2]: Entering directory '/vdms/build'
#35 11.98 cd /vdms/build && /usr/local/bin/cmake -E cmake_depends "Unix Makefiles" /vdms /vdms/src/pmgd/test /vdms/build /vdms/build/src/pmgd/test /vdms/build/src/pmgd/test/CMakeFiles/allocaborttest.dir/DependInfo.cmake "--color="
#35 11.98 make[2]: Entering directory '/vdms/build'
#35 11.98 cd /vdms/build && /usr/local/bin/cmake -E cmake_depends "Unix Makefiles" /vdms /vdms/src/pmgd/test /vdms/build /vdms/build/src/pmgd/test /vdms/build/src/pmgd/test/CMakeFiles/alloctest.dir/DependInfo.cmake "--color="
#35 11.98 make[2]: Entering directory '/vdms/build'
#35 11.98 cd /vdms/build && /usr/local/bin/cmake -E cmake_depends "Unix Makefiles" /vdms /vdms/src/pmgd/test /vdms/build /vdms/build/src/pmgd/test /vdms/build/src/pmgd/test/CMakeFiles/avltest.dir/DependInfo.cmake "--color="
#35 11.98 make[2]: Entering directory '/vdms/build'
#35 11.98 cd /vdms/build && /usr/local/bin/cmake -E cmake_depends "Unix Makefiles" /vdms /vdms/src/pmgd/test /vdms/build /vdms/build/src/pmgd/test /vdms/build/src/pmgd/test/CMakeFiles/chunklisttest.dir/DependInfo.cmake "--color="
#35 11.98 make[2]: Leaving directory '/vdms/build'
#35 11.98 make  -f src/pmgd/tools/CMakeFiles/dumpgraph.dir/build.make src/pmgd/tools/CMakeFiles/dumpgraph.dir/build
#35 11.98 make[2]: Leaving directory '/vdms/build'
#35 11.98 make[2]: Leaving directory '/vdms/build'
#35 11.98 make[2]: Leaving directory '/vdms/build'
#35 11.98 make[2]: Leaving directory '/vdms/build'
#35 11.98 make  -f src/pmgd/test/CMakeFiles/allocaborttest.dir/build.make src/pmgd/test/CMakeFiles/allocaborttest.dir/build
#35 11.98 make[2]: Leaving directory '/vdms/build'
#35 11.98 make  -f src/pmgd/tools/CMakeFiles/loadgraph.dir/build.make src/pmgd/tools/CMakeFiles/loadgraph.dir/build
#35 11.98 make[2]: Leaving directory '/vdms/build'
#35 11.98 make  -f src/pmgd/tools/CMakeFiles/mkgraph.dir/build.make src/pmgd/tools/CMakeFiles/mkgraph.dir/build
#35 11.98 make[2]: Entering directory '/vdms/build'
#35 11.98 make[2]: Leaving directory '/vdms/build'
#35 11.98 make  -f src/pmgd/test/CMakeFiles/aborttest.dir/build.make src/pmgd/test/CMakeFiles/aborttest.dir/build
#35 11.98 make  -f src/pmgd/test/CMakeFiles/alloctest.dir/build.make src/pmgd/test/CMakeFiles/alloctest.dir/build
#35 11.98 make[2]: Entering directory '/vdms/build'
#35 11.98 make  -f src/pmgd/test/CMakeFiles/avltest.dir/build.make src/pmgd/test/CMakeFiles/avltest.dir/build
#35 11.98 make  -f src/pmgd/test/CMakeFiles/chunklisttest.dir/build.make src/pmgd/test/CMakeFiles/chunklisttest.dir/build
#35 11.98 make[2]: Entering directory '/vdms/build'
#35 11.98 make[2]: Entering directory '/vdms/build'
#35 11.98 make[2]: Entering directory '/vdms/build'
#35 11.98 make[2]: Entering directory '/vdms/build'
#35 11.98 make[2]: Entering directory '/vdms/build'
#35 11.98 make[2]: Entering directory '/vdms/build'
#35 11.99 [ 53%] Building CXX object src/pmgd/tools/CMakeFiles/dumpgraph.dir/dumpgraph.cc.o
#35 11.99 [ 54%] Building CXX object src/pmgd/test/CMakeFiles/allocaborttest.dir/allocaborttest.cc.o
#35 11.99 cd /vdms/build/src/pmgd/tools && /usr/bin/c++  -I/vdms/build -I/vdms/src/pmgd/tools/../include -I/vdms/src/pmgd/tools/../util -Wall -std=c++14 -g -fPIC -std=c++17 -MD -MT src/pmgd/tools/CMakeFiles/dumpgraph.dir/dumpgraph.cc.o -MF CMakeFiles/dumpgraph.dir/dumpgraph.cc.o.d -o CMakeFiles/dumpgraph.dir/dumpgraph.cc.o -c /vdms/src/pmgd/tools/dumpgraph.cc
#35 11.99 [ 54%] Building CXX object src/pmgd/tools/CMakeFiles/mkgraph.dir/mkgraph.cc.o
#35 11.99 cd /vdms/build/src/pmgd/test && /usr/bin/c++  -I/vdms/build -I/vdms/src/pmgd/test/../include -I/vdms/src/pmgd/test/../util -Wall -std=c++14 -g -fPIC -std=c++17 -MD -MT src/pmgd/test/CMakeFiles/allocaborttest.dir/allocaborttest.cc.o -MF CMakeFiles/allocaborttest.dir/allocaborttest.cc.o.d -o CMakeFiles/allocaborttest.dir/allocaborttest.cc.o -c /vdms/src/pmgd/test/allocaborttest.cc
#35 11.99 [ 54%] Building CXX object src/pmgd/test/CMakeFiles/aborttest.dir/aborttest.cc.o
#35 11.99 [ 54%] Building CXX object src/pmgd/tools/CMakeFiles/loadgraph.dir/loadgraph.cc.o
#35 11.99 [ 54%] Building CXX object src/pmgd/test/CMakeFiles/alloctest.dir/alloctest.cc.o
#35 11.99 cd /vdms/build/src/pmgd/tools && /usr/bin/c++  -I/vdms/build -I/vdms/src/pmgd/tools/../include -I/vdms/src/pmgd/tools/../util -Wall -std=c++14 -g -fPIC -std=c++17 -MD -MT src/pmgd/tools/CMakeFiles/mkgraph.dir/mkgraph.cc.o -MF CMakeFiles/mkgraph.dir/mkgraph.cc.o.d -o CMakeFiles/mkgraph.dir/mkgraph.cc.o -c /vdms/src/pmgd/tools/mkgraph.cc
#35 11.99 [ 54%] Building CXX object src/pmgd/test/CMakeFiles/avltest.dir/avltest.cc.o
#35 11.99 cd /vdms/build/src/pmgd/tools && /usr/bin/c++  -I/vdms/build -I/vdms/src/pmgd/tools/../include -I/vdms/src/pmgd/tools/../util -Wall -std=c++14 -g -fPIC -std=c++17 -MD -MT src/pmgd/tools/CMakeFiles/loadgraph.dir/loadgraph.cc.o -MF CMakeFiles/loadgraph.dir/loadgraph.cc.o.d -o CMakeFiles/loadgraph.dir/loadgraph.cc.o -c /vdms/src/pmgd/tools/loadgraph.cc
#35 11.99 cd /vdms/build/src/pmgd/test && /usr/bin/c++  -I/vdms/build -I/vdms/src/pmgd/test/../include -I/vdms/src/pmgd/test/../util -Wall -std=c++14 -g -fPIC -std=c++17 -MD -MT src/pmgd/test/CMakeFiles/aborttest.dir/aborttest.cc.o -MF CMakeFiles/aborttest.dir/aborttest.cc.o.d -o CMakeFiles/aborttest.dir/aborttest.cc.o -c /vdms/src/pmgd/test/aborttest.cc
#35 11.99 [ 55%] Building CXX object src/pmgd/test/CMakeFiles/chunklisttest.dir/chunklisttest.cc.o
#35 11.99 cd /vdms/build/src/pmgd/test && /usr/bin/c++  -I/vdms/build -I/vdms/src/pmgd/test/../include -I/vdms/src/pmgd/test/../util -Wall -std=c++14 -g -fPIC -std=c++17 -MD -MT src/pmgd/test/CMakeFiles/alloctest.dir/alloctest.cc.o -MF CMakeFiles/alloctest.dir/alloctest.cc.o.d -o CMakeFiles/alloctest.dir/alloctest.cc.o -c /vdms/src/pmgd/test/alloctest.cc
#35 11.99 cd /vdms/build/src/pmgd/test && /usr/bin/c++  -I/vdms/build -I/vdms/src/pmgd/test/../include -I/vdms/src/pmgd/test/../util -Wall -std=c++14 -g -fPIC -std=c++17 -MD -MT src/pmgd/test/CMakeFiles/avltest.dir/avltest.cc.o -MF CMakeFiles/avltest.dir/avltest.cc.o.d -o CMakeFiles/avltest.dir/avltest.cc.o -c /vdms/src/pmgd/test/avltest.cc
#35 11.99 cd /vdms/build/src/pmgd/test && /usr/bin/c++  -I/vdms/build -I/vdms/src/pmgd/test/../include -I/vdms/src/pmgd/test/../util -Wall -std=c++14 -g -fPIC -std=c++17 -MD -MT src/pmgd/test/CMakeFiles/chunklisttest.dir/chunklisttest.cc.o -MF CMakeFiles/chunklisttest.dir/chunklisttest.cc.o.d -o CMakeFiles/chunklisttest.dir/chunklisttest.cc.o -c /vdms/src/pmgd/test/chunklisttest.cc
#35 12.05 make  -f src/pmgd/test/CMakeFiles/edgeindextest.dir/build.make src/pmgd/test/CMakeFiles/edgeindextest.dir/depend
#35 12.06 make[2]: Entering directory '/vdms/build'
#35 12.06 cd /vdms/build && /usr/local/bin/cmake -E cmake_depends "Unix Makefiles" /vdms /vdms/src/pmgd/test /vdms/build /vdms/build/src/pmgd/test /vdms/build/src/pmgd/test/CMakeFiles/edgeindextest.dir/DependInfo.cmake "--color="
#35 12.06 make[2]: Leaving directory '/vdms/build'
#35 12.06 make  -f src/pmgd/test/CMakeFiles/edgeindextest.dir/build.make src/pmgd/test/CMakeFiles/edgeindextest.dir/build
#35 12.06 make[2]: Entering directory '/vdms/build'
#35 12.07 [ 55%] Building CXX object src/pmgd/test/CMakeFiles/edgeindextest.dir/edgeindextest.cc.o
#35 12.07 cd /vdms/build/src/pmgd/test && /usr/bin/c++  -I/vdms/build -I/vdms/src/pmgd/test/../include -I/vdms/src/pmgd/test/../util -Wall -std=c++14 -g -fPIC -std=c++17 -MD -MT src/pmgd/test/CMakeFiles/edgeindextest.dir/edgeindextest.cc.o -MF CMakeFiles/edgeindextest.dir/edgeindextest.cc.o.d -o CMakeFiles/edgeindextest.dir/edgeindextest.cc.o -c /vdms/src/pmgd/test/edgeindextest.cc
#35 12.12 make  -f src/pmgd/test/CMakeFiles/emailindextest.dir/build.make src/pmgd/test/CMakeFiles/emailindextest.dir/depend
#35 12.12 make[2]: Entering directory '/vdms/build'
#35 12.12 cd /vdms/build && /usr/local/bin/cmake -E cmake_depends "Unix Makefiles" /vdms /vdms/src/pmgd/test /vdms/build /vdms/build/src/pmgd/test /vdms/build/src/pmgd/test/CMakeFiles/emailindextest.dir/DependInfo.cmake "--color="
#35 12.12 make[2]: Leaving directory '/vdms/build'
#35 12.12 make  -f src/pmgd/test/CMakeFiles/emailindextest.dir/build.make src/pmgd/test/CMakeFiles/emailindextest.dir/build
#35 12.12 make[2]: Entering directory '/vdms/build'
#35 12.13 [ 55%] Building CXX object src/pmgd/test/CMakeFiles/emailindextest.dir/emailindextest.cc.o
#35 12.13 cd /vdms/build/src/pmgd/test && /usr/bin/c++  -I/vdms/build -I/vdms/src/pmgd/test/../include -I/vdms/src/pmgd/test/../util -Wall -std=c++14 -g -fPIC -std=c++17 -MD -MT src/pmgd/test/CMakeFiles/emailindextest.dir/emailindextest.cc.o -MF CMakeFiles/emailindextest.dir/emailindextest.cc.o.d -o CMakeFiles/emailindextest.dir/emailindextest.cc.o -c /vdms/src/pmgd/test/emailindextest.cc
#35 12.20 In file included from /vdms/src/pmgd/tools/../include/pmgd.h:38,
#35 12.20                  from /vdms/src/pmgd/tools/dumpgraph.cc:36:
#35 12.20 /vdms/src/pmgd/tools/../include/property.h: In constructor 'PMGD::Time::Time()':
#35 12.20 /vdms/src/pmgd/tools/../include/property.h:70:24: warning: 'void* memset(void*, int, size_t)' clearing an object of non-trivial type 'struct PMGD::Time'; use assignment or value-initialization instead [-Wclass-memaccess]
#35 12.20    70 |         Time() { memset(this, 0, sizeof(Time)); }
#35 12.20       |                  ~~~~~~^~~~~~~~~~~~~~~~~~~~~~~
#35 12.20 /vdms/src/pmgd/tools/../include/property.h:45:12: note: 'struct PMGD::Time' declared here
#35 12.20    45 |     struct Time {
#35 12.20       |            ^~~~
#35 12.20 In file included from /vdms/src/pmgd/tools/../include/pmgd.h:38,
#35 12.20                  from /vdms/src/pmgd/tools/loadgraph.cc:36:
#35 12.20 /vdms/src/pmgd/tools/../include/property.h: In constructor 'PMGD::Time::Time()':
#35 12.20 /vdms/src/pmgd/tools/../include/property.h:70:24: warning: 'void* memset(void*, int, size_t)' clearing an object of non-trivial type 'struct PMGD::Time'; use assignment or value-initialization instead [-Wclass-memaccess]
#35 12.20    70 |         Time() { memset(this, 0, sizeof(Time)); }
#35 12.20       |                  ~~~~~~^~~~~~~~~~~~~~~~~~~~~~~
#35 12.20 /vdms/src/pmgd/tools/../include/property.h:45:12: note: 'struct PMGD::Time' declared here
#35 12.20    45 |     struct Time {
#35 12.20       |            ^~~~
#35 12.20 In file included from /vdms/src/pmgd/test/../include/pmgd.h:38,
#35 12.20                  from /vdms/src/pmgd/test/aborttest.cc:35:
#35 12.20 /vdms/src/pmgd/test/../include/property.h: In constructor 'PMGD::Time::Time()':
#35 12.20 /vdms/src/pmgd/test/../include/property.h:70:24: warning: 'void* memset(void*, int, size_t)' clearing an object of non-trivial type 'struct PMGD::Time'; use assignment or value-initialization instead [-Wclass-memaccess]
#35 12.20    70 |         Time() { memset(this, 0, sizeof(Time)); }
#35 12.20       |                  ~~~~~~^~~~~~~~~~~~~~~~~~~~~~~
#35 12.20 /vdms/src/pmgd/test/../include/property.h:45:12: note: 'struct PMGD::Time' declared here
#35 12.20    45 |     struct Time {
#35 12.20       |            ^~~~
#35 12.20 make  -f src/pmgd/test/CMakeFiles/filtertest.dir/build.make src/pmgd/test/CMakeFiles/filtertest.dir/depend
#35 12.20 make[2]: Entering directory '/vdms/build'
#35 12.20 cd /vdms/build && /usr/local/bin/cmake -E cmake_depends "Unix Makefiles" /vdms /vdms/src/pmgd/test /vdms/build /vdms/build/src/pmgd/test /vdms/build/src/pmgd/test/CMakeFiles/filtertest.dir/DependInfo.cmake "--color="
#35 12.21 make[2]: Leaving directory '/vdms/build'
#35 12.21 make  -f src/pmgd/test/CMakeFiles/filtertest.dir/build.make src/pmgd/test/CMakeFiles/filtertest.dir/build
#35 12.21 make[2]: Entering directory '/vdms/build'
#35 12.21 [ 56%] Building CXX object src/pmgd/test/CMakeFiles/filtertest.dir/filtertest.cc.o
#35 12.22 cd /vdms/build/src/pmgd/test && /usr/bin/c++  -I/vdms/build -I/vdms/src/pmgd/test/../include -I/vdms/src/pmgd/test/../util -Wall -std=c++14 -g -fPIC -std=c++17 -MD -MT src/pmgd/test/CMakeFiles/filtertest.dir/filtertest.cc.o -MF CMakeFiles/filtertest.dir/filtertest.cc.o.d -o CMakeFiles/filtertest.dir/filtertest.cc.o -c /vdms/src/pmgd/test/filtertest.cc
#35 12.23 In file included from /vdms/src/pmgd/tools/../include/pmgd.h:38,
#35 12.23                  from /vdms/src/pmgd/tools/mkgraph.cc:38:
#35 12.23 /vdms/src/pmgd/tools/../include/property.h: In constructor 'PMGD::Time::Time()':
#35 12.23 /vdms/src/pmgd/tools/../include/property.h:70:24: warning: 'void* memset(void*, int, size_t)' clearing an object of non-trivial type 'struct PMGD::Time'; use assignment or value-initialization instead [-Wclass-memaccess]
#35 12.23    70 |         Time() { memset(this, 0, sizeof(Time)); }
#35 12.23       |                  ~~~~~~^~~~~~~~~~~~~~~~~~~~~~~
#35 12.23 /vdms/src/pmgd/tools/../include/property.h:45:12: note: 'struct PMGD::Time' declared here
#35 12.23    45 |     struct Time {
#35 12.23       |            ^~~~
#35 12.30 In file included from /vdms/distributed/mutli_modal.cpp:2:
#35 12.30 /vdms/distributed/helpers.h: In function 'std::string query_body(std::string&, std::vector<std::__cxx11::basic_string<char>*>)':
#35 12.30 /vdms/distributed/helpers.h:79:57: warning: 'int google::protobuf::MessageLite::ByteSize() const' is deprecated: Please use ByteSizeLong() instead [-Wdeprecated-declarations]
#35 12.30    79 |   std::basic_string<char> msg_image(proto_query.ByteSize(), 0);
#35 12.30       |                                     ~~~~~~~~~~~~~~~~~~~~^~
#35 12.30 In file included from /usr/local/include/google/protobuf/generated_message_tctable_decl.h:44,
#35 12.30                  from /vdms/build/queryMessage.pb.h:27,
#35 12.30                  from /vdms/distributed/helpers.h:4:
#35 12.30 /usr/local/include/google/protobuf/message_lite.h:420:59: note: declared here
#35 12.30   420 |   [[deprecated("Please use ByteSizeLong() instead")]] int ByteSize() const {
#35 12.30       |                                                           ^~~~~~~~
#35 12.30 /vdms/distributed/helpers.h:80:55: warning: 'int google::protobuf::MessageLite::ByteSize() const' is deprecated: Please use ByteSizeLong() instead [-Wdeprecated-declarations]
#35 12.30    80 |   std::cout << "Sending size " << proto_query.ByteSize() << "\t"
#35 12.30       |                                   ~~~~~~~~~~~~~~~~~~~~^~
#35 12.30 /usr/local/include/google/protobuf/message_lite.h:420:59: note: declared here
#35 12.30   420 |   [[deprecated("Please use ByteSizeLong() instead")]] int ByteSize() const {
#35 12.30       |                                                           ^~~~~~~~
#35 12.31 /vdms/distributed/helpers.h: In function 'Json::Value add_set(std::string&)':
#35 12.31 /vdms/distributed/helpers.h:96:7: warning: the address of 'Json::Value add_set(std::string&)' will never be NULL [-Waddress]
#35 12.31    96 |   if (add_set)
#35 12.31       |       ^~~~~~~
#35 12.31 /vdms/distributed/helpers.h:88:13: note: 'Json::Value add_set(std::string&)' declared here
#35 12.31    88 | Json::Value add_set(std::string &name) {
#35 12.31       |             ^~~~~~~
#35 12.36 In file included from /vdms/distributed/adaptive_platform.cpp:1:
#35 12.36 /vdms/distributed/helpers.h: In function 'std::string query_body(std::string&, std::vector<std::__cxx11::basic_string<char>*>)':
#35 12.36 /vdms/distributed/helpers.h:79:57: warning: 'int google::protobuf::MessageLite::ByteSize() const' is deprecated: Please use ByteSizeLong() instead [-Wdeprecated-declarations]
#35 12.36    79 |   std::basic_string<char> msg_image(proto_query.ByteSize(), 0);
#35 12.36       |                                     ~~~~~~~~~~~~~~~~~~~~^~
#35 12.36 In file included from /usr/local/include/google/protobuf/generated_message_tctable_decl.h:44,
#35 12.36                  from /vdms/build/queryMessage.pb.h:27,
#35 12.36                  from /vdms/distributed/helpers.h:4:
#35 12.36 /usr/local/include/google/protobuf/message_lite.h:420:59: note: declared here
#35 12.36   420 |   [[deprecated("Please use ByteSizeLong() instead")]] int ByteSize() const {
#35 12.36       |                                                           ^~~~~~~~
#35 12.36 /vdms/distributed/helpers.h:80:55: warning: 'int google::protobuf::MessageLite::ByteSize() const' is deprecated: Please use ByteSizeLong() instead [-Wdeprecated-declarations]
#35 12.36    80 |   std::cout << "Sending size " << proto_query.ByteSize() << "\t"
#35 12.36       |                                   ~~~~~~~~~~~~~~~~~~~~^~
#35 12.36 /usr/local/include/google/protobuf/message_lite.h:420:59: note: declared here
#35 12.36   420 |   [[deprecated("Please use ByteSizeLong() instead")]] int ByteSize() const {
#35 12.36       |                                                           ^~~~~~~~
#35 12.36 /vdms/distributed/helpers.h: In function 'Json::Value add_set(std::string&)':
#35 12.36 /vdms/distributed/helpers.h:96:7: warning: the address of 'Json::Value add_set(std::string&)' will never be NULL [-Waddress]
#35 12.36    96 |   if (add_set)
#35 12.36       |       ^~~~~~~
#35 12.36 /vdms/distributed/helpers.h:88:13: note: 'Json::Value add_set(std::string&)' declared here
#35 12.36    88 | Json::Value add_set(std::string &name) {
#35 12.36       |             ^~~~~~~
#35 12.39 In file included from /vdms/src/pmgd/test/../include/pmgd.h:38,
#35 12.39                  from /vdms/src/pmgd/test/alloctest.cc:36:
#35 12.39 /vdms/src/pmgd/test/../include/property.h: In constructor 'PMGD::Time::Time()':
#35 12.39 /vdms/src/pmgd/test/../include/property.h:70:24: warning: 'void* memset(void*, int, size_t)' clearing an object of non-trivial type 'struct PMGD::Time'; use assignment or value-initialization instead [-Wclass-memaccess]
#35 12.39    70 |         Time() { memset(this, 0, sizeof(Time)); }
#35 12.39       |                  ~~~~~~^~~~~~~~~~~~~~~~~~~~~~~
#35 12.39 /vdms/src/pmgd/test/../include/property.h:45:12: note: 'struct PMGD::Time' declared here
#35 12.39    45 |     struct Time {
#35 12.39       |            ^~~~
#35 12.39 In file included from /vdms/src/pmgd/test/../include/pmgd.h:38,
#35 12.39                  from /vdms/src/pmgd/test/chunklisttest.cc:34:
#35 12.39 /vdms/src/pmgd/test/../include/property.h: In constructor 'PMGD::Time::Time()':
#35 12.39 /vdms/src/pmgd/test/../include/property.h:70:24: warning: 'void* memset(void*, int, size_t)' clearing an object of non-trivial type 'struct PMGD::Time'; use assignment or value-initialization instead [-Wclass-memaccess]
#35 12.39    70 |         Time() { memset(this, 0, sizeof(Time)); }
#35 12.39       |                  ~~~~~~^~~~~~~~~~~~~~~~~~~~~~~
#35 12.39 /vdms/src/pmgd/test/../include/property.h:45:12: note: 'struct PMGD::Time' declared here
#35 12.39    45 |     struct Time {
#35 12.39       |            ^~~~
#35 12.39 In file included from /vdms/src/pmgd/test/../include/pmgd.h:38,
#35 12.39                  from /vdms/src/pmgd/test/allocaborttest.cc:36:
#35 12.39 /vdms/src/pmgd/test/../include/property.h: In constructor 'PMGD::Time::Time()':
#35 12.39 /vdms/src/pmgd/test/../include/property.h:70:24: warning: 'void* memset(void*, int, size_t)' clearing an object of non-trivial type 'struct PMGD::Time'; use assignment or value-initialization instead [-Wclass-memaccess]
#35 12.39    70 |         Time() { memset(this, 0, sizeof(Time)); }
#35 12.39       |                  ~~~~~~^~~~~~~~~~~~~~~~~~~~~~~
#35 12.39 /vdms/src/pmgd/test/../include/property.h:45:12: note: 'struct PMGD::Time' declared here
#35 12.39    45 |     struct Time {
#35 12.39       |            ^~~~
#35 12.39 In file included from /vdms/src/pmgd/test/../include/pmgd.h:38,
#35 12.39                  from /vdms/src/pmgd/test/avltest.cc:34:
#35 12.39 /vdms/src/pmgd/test/../include/property.h: In constructor 'PMGD::Time::Time()':
#35 12.39 /vdms/src/pmgd/test/../include/property.h:70:24: warning: 'void* memset(void*, int, size_t)' clearing an object of non-trivial type 'struct PMGD::Time'; use assignment or value-initialization instead [-Wclass-memaccess]
#35 12.39    70 |         Time() { memset(this, 0, sizeof(Time)); }
#35 12.39       |                  ~~~~~~^~~~~~~~~~~~~~~~~~~~~~~
#35 12.39 /vdms/src/pmgd/test/../include/property.h:45:12: note: 'struct PMGD::Time' declared here
#35 12.39    45 |     struct Time {
#35 12.39       |            ^~~~
#35 12.40 In file included from /vdms/distributed/mutli_modal.cpp:4:
#35 12.40 /vdms/distributed/kafka_sender.h: In member function 'virtual void KafkaSender::Send(const std::string&, const std::string&, std::string)':
#35 12.40 /vdms/distributed/kafka_sender.h:54:10: warning: unused variable 'duration' [-Wunused-variable]
#35 12.40    54 |     long duration;
#35 12.40       |          ^~~~~~~~
#35 12.42 In file included from /vdms/src/pmgd/test/../include/pmgd.h:38,
#35 12.42                  from /vdms/src/pmgd/test/filtertest.cc:36:
#35 12.42 /vdms/src/pmgd/test/../include/property.h: In constructor 'PMGD::Time::Time()':
#35 12.42 /vdms/src/pmgd/test/../include/property.h:70:24: warning: 'void* memset(void*, int, size_t)' clearing an object of non-trivial type 'struct PMGD::Time'; use assignment or value-initialization instead [-Wclass-memaccess]
#35 12.42    70 |         Time() { memset(this, 0, sizeof(Time)); }
#35 12.42       |                  ~~~~~~^~~~~~~~~~~~~~~~~~~~~~~
#35 12.42 /vdms/src/pmgd/test/../include/property.h:45:12: note: 'struct PMGD::Time' declared here
#35 12.42    45 |     struct Time {
#35 12.42       |            ^~~~
#35 12.42 /vdms/src/pmgd/tools/mkgraph.cc: In function 'int main(int, char**)':
#35 12.42 /vdms/src/pmgd/tools/mkgraph.cc:185:31: warning: catching polymorphic type 'class std::runtime_error' by value [-Wcatch-value=]
#35 12.42   185 |     catch (std::runtime_error e) {
#35 12.42       |                               ^
#35 12.43 In file included from /vdms/src/pmgd/test/../include/pmgd.h:38,
#35 12.43                  from /vdms/src/pmgd/test/emailindextest.cc:34:
#35 12.43 /vdms/src/pmgd/test/../include/property.h: In constructor 'PMGD::Time::Time()':
#35 12.43 /vdms/src/pmgd/test/../include/property.h:70:24: warning: 'void* memset(void*, int, size_t)' clearing an object of non-trivial type 'struct PMGD::Time'; use assignment or value-initialization instead [-Wclass-memaccess]
#35 12.43    70 |         Time() { memset(this, 0, sizeof(Time)); }
#35 12.43       |                  ~~~~~~^~~~~~~~~~~~~~~~~~~~~~~
#35 12.43 /vdms/src/pmgd/test/../include/property.h:45:12: note: 'struct PMGD::Time' declared here
#35 12.43    45 |     struct Time {
#35 12.43       |            ^~~~
#35 12.46 In file included from /vdms/distributed/adaptive_platform.cpp:3:
#35 12.46 /vdms/distributed/kafka_sender.h: In member function 'virtual void KafkaSender::Send(const std::string&, const std::string&, std::string)':
#35 12.46 /vdms/distributed/kafka_sender.h:54:10: warning: unused variable 'duration' [-Wunused-variable]
#35 12.46    54 |     long duration;
#35 12.46       |          ^~~~~~~~
#35 12.47 In file included from /vdms/src/pmgd/test/../include/pmgd.h:38,
#35 12.47                  from /vdms/src/pmgd/test/edgeindextest.cc:34:
#35 12.47 /vdms/src/pmgd/test/../include/property.h: In constructor 'PMGD::Time::Time()':
#35 12.47 /vdms/src/pmgd/test/../include/property.h:70:24: warning: 'void* memset(void*, int, size_t)' clearing an object of non-trivial type 'struct PMGD::Time'; use assignment or value-initialization instead [-Wclass-memaccess]
#35 12.47    70 |         Time() { memset(this, 0, sizeof(Time)); }
#35 12.47       |                  ~~~~~~^~~~~~~~~~~~~~~~~~~~~~~
#35 12.47 /vdms/src/pmgd/test/../include/property.h:45:12: note: 'struct PMGD::Time' declared here
#35 12.47    45 |     struct Time {
#35 12.47       |            ^~~~
#35 12.54 [ 56%] Linking CXX executable dumpgraph
#35 12.54 cd /vdms/build/src/pmgd/tools && /usr/local/bin/cmake -E cmake_link_script CMakeFiles/dumpgraph.dir/link.txt --verbose=1
#35 12.54 /usr/bin/c++  -Wall CMakeFiles/dumpgraph.dir/dumpgraph.cc.o -o dumpgraph  -Wl,-rpath,/vdms/build/src/pmgd/src:/vdms/build/src/pmgd/util ../src/libpmgd.so ../util/libpmgd-util.so -ljsoncpp 
#35 12.58 [ 56%] Linking CXX executable loadgraph
#35 12.58 cd /vdms/build/src/pmgd/tools && /usr/local/bin/cmake -E cmake_link_script CMakeFiles/loadgraph.dir/link.txt --verbose=1
#35 12.59 /usr/bin/c++  -Wall CMakeFiles/loadgraph.dir/loadgraph.cc.o -o loadgraph  -Wl,-rpath,/vdms/build/src/pmgd/src:/vdms/build/src/pmgd/util ../src/libpmgd.so ../util/libpmgd-util.so -ljsoncpp 
#35 12.61 [ 57%] Linking CXX executable mkgraph
#35 12.61 cd /vdms/build/src/pmgd/tools && /usr/local/bin/cmake -E cmake_link_script CMakeFiles/mkgraph.dir/link.txt --verbose=1
#35 12.61 /usr/bin/c++  -Wall CMakeFiles/mkgraph.dir/mkgraph.cc.o -o mkgraph  -Wl,-rpath,/vdms/build/src/pmgd/src:/vdms/build/src/pmgd/util ../src/libpmgd.so ../util/libpmgd-util.so -ljsoncpp 
#35 12.64 [ 57%] Linking CXX executable aborttest
#35 12.64 cd /vdms/build/src/pmgd/test && /usr/local/bin/cmake -E cmake_link_script CMakeFiles/aborttest.dir/link.txt --verbose=1
#35 12.64 make[2]: Leaving directory '/vdms/build'
#35 12.65 /usr/bin/c++  -Wall CMakeFiles/aborttest.dir/aborttest.cc.o -o aborttest  -Wl,-rpath,/vdms/build/src/pmgd/src:/vdms/build/src/pmgd/util ../src/libpmgd.so ../util/libpmgd-util.so -ljsoncpp 
#35 12.65 [ 57%] Built target dumpgraph
#35 12.65 make  -f src/pmgd/test/CMakeFiles/indexrangetest.dir/build.make src/pmgd/test/CMakeFiles/indexrangetest.dir/depend
#35 12.65 make[2]: Entering directory '/vdms/build'
#35 12.65 cd /vdms/build && /usr/local/bin/cmake -E cmake_depends "Unix Makefiles" /vdms /vdms/src/pmgd/test /vdms/build /vdms/build/src/pmgd/test /vdms/build/src/pmgd/test/CMakeFiles/indexrangetest.dir/DependInfo.cmake "--color="
#35 12.66 make[2]: Leaving directory '/vdms/build'
#35 12.66 make  -f src/pmgd/test/CMakeFiles/indexrangetest.dir/build.make src/pmgd/test/CMakeFiles/indexrangetest.dir/build
#35 12.66 make[2]: Entering directory '/vdms/build'
#35 12.66 [ 57%] Building CXX object src/pmgd/test/CMakeFiles/indexrangetest.dir/indexrangetest.cc.o
#35 12.66 cd /vdms/build/src/pmgd/test && /usr/bin/c++  -I/vdms/build -I/vdms/src/pmgd/test/../include -I/vdms/src/pmgd/test/../util -Wall -std=c++14 -g -fPIC -std=c++17 -MD -MT src/pmgd/test/CMakeFiles/indexrangetest.dir/indexrangetest.cc.o -MF CMakeFiles/indexrangetest.dir/indexrangetest.cc.o.d -o CMakeFiles/indexrangetest.dir/indexrangetest.cc.o -c /vdms/src/pmgd/test/indexrangetest.cc
#35 12.69 make[2]: Leaving directory '/vdms/build'
#35 12.70 [ 57%] Built target loadgraph
#35 12.70 make  -f src/pmgd/test/CMakeFiles/indexstringtest.dir/build.make src/pmgd/test/CMakeFiles/indexstringtest.dir/depend
#35 12.70 make[2]: Entering directory '/vdms/build'
#35 12.70 cd /vdms/build && /usr/local/bin/cmake -E cmake_depends "Unix Makefiles" /vdms /vdms/src/pmgd/test /vdms/build /vdms/build/src/pmgd/test /vdms/build/src/pmgd/test/CMakeFiles/indexstringtest.dir/DependInfo.cmake "--color="
#35 12.70 make[2]: Leaving directory '/vdms/build'
#35 12.71 make  -f src/pmgd/test/CMakeFiles/indexstringtest.dir/build.make src/pmgd/test/CMakeFiles/indexstringtest.dir/build
#35 12.71 make[2]: Entering directory '/vdms/build'
#35 12.71 [ 58%] Building CXX object src/pmgd/test/CMakeFiles/indexstringtest.dir/indexstringtest.cc.o
#35 12.71 cd /vdms/build/src/pmgd/test && /usr/bin/c++  -I/vdms/build -I/vdms/src/pmgd/test/../include -I/vdms/src/pmgd/test/../util -Wall -std=c++14 -g -fPIC -std=c++17 -MD -MT src/pmgd/test/CMakeFiles/indexstringtest.dir/indexstringtest.cc.o -MF CMakeFiles/indexstringtest.dir/indexstringtest.cc.o.d -o CMakeFiles/indexstringtest.dir/indexstringtest.cc.o -c /vdms/src/pmgd/test/indexstringtest.cc
#35 12.71 make[2]: Leaving directory '/vdms/build'
#35 12.72 [ 58%] Built target mkgraph
#35 12.72 make  -f src/pmgd/test/CMakeFiles/indextest.dir/build.make src/pmgd/test/CMakeFiles/indextest.dir/depend
#35 12.72 make[2]: Entering directory '/vdms/build'
#35 12.72 cd /vdms/build && /usr/local/bin/cmake -E cmake_depends "Unix Makefiles" /vdms /vdms/src/pmgd/test /vdms/build /vdms/build/src/pmgd/test /vdms/build/src/pmgd/test/CMakeFiles/indextest.dir/DependInfo.cmake "--color="
#35 12.72 make  -f src/pmgd/test/CMakeFiles/listtest.dir/build.make src/pmgd/test/CMakeFiles/listtest.dir/depend
#35 12.72 make[2]: Entering directory '/vdms/build'
#35 12.72 cd /vdms/build && /usr/local/bin/cmake -E cmake_depends "Unix Makefiles" /vdms /vdms/src/pmgd/test /vdms/build /vdms/build/src/pmgd/test /vdms/build/src/pmgd/test/CMakeFiles/listtest.dir/DependInfo.cmake "--color="
#35 12.73 make[2]: Leaving directory '/vdms/build'
#35 12.73 make  -f src/pmgd/test/CMakeFiles/indextest.dir/build.make src/pmgd/test/CMakeFiles/indextest.dir/build
#35 12.73 make[2]: Leaving directory '/vdms/build'
#35 12.73 make  -f src/pmgd/test/CMakeFiles/listtest.dir/build.make src/pmgd/test/CMakeFiles/listtest.dir/build
#35 12.73 make[2]: Entering directory '/vdms/build'
#35 12.73 make[2]: Entering directory '/vdms/build'
#35 12.73 [ 58%] Building CXX object src/pmgd/test/CMakeFiles/indextest.dir/indextest.cc.o
#35 12.73 [ 58%] Building CXX object src/pmgd/test/CMakeFiles/listtest.dir/listtest.cc.o
#35 12.74 cd /vdms/build/src/pmgd/test && /usr/bin/c++  -I/vdms/build -I/vdms/src/pmgd/test/../include -I/vdms/src/pmgd/test/../util -Wall -std=c++14 -g -fPIC -std=c++17 -MD -MT src/pmgd/test/CMakeFiles/indextest.dir/indextest.cc.o -MF CMakeFiles/indextest.dir/indextest.cc.o.d -o CMakeFiles/indextest.dir/indextest.cc.o -c /vdms/src/pmgd/test/indextest.cc
#35 12.74 cd /vdms/build/src/pmgd/test && /usr/bin/c++  -I/vdms/build -I/vdms/src/pmgd/test/../include -I/vdms/src/pmgd/test/../util -Wall -std=c++14 -g -fPIC -std=c++17 -MD -MT src/pmgd/test/CMakeFiles/listtest.dir/listtest.cc.o -MF CMakeFiles/listtest.dir/listtest.cc.o.d -o CMakeFiles/listtest.dir/listtest.cc.o -c /vdms/src/pmgd/test/listtest.cc
#35 12.75 make[2]: Leaving directory '/vdms/build'
#35 12.75 [ 58%] Built target aborttest
#35 12.75 make  -f src/pmgd/test/CMakeFiles/load_gson_test.dir/build.make src/pmgd/test/CMakeFiles/load_gson_test.dir/depend
#35 12.75 make[2]: Entering directory '/vdms/build'
#35 12.75 cd /vdms/build && /usr/local/bin/cmake -E cmake_depends "Unix Makefiles" /vdms /vdms/src/pmgd/test /vdms/build /vdms/build/src/pmgd/test /vdms/build/src/pmgd/test/CMakeFiles/load_gson_test.dir/DependInfo.cmake "--color="
#35 12.76 make[2]: Leaving directory '/vdms/build'
#35 12.76 make  -f src/pmgd/test/CMakeFiles/load_gson_test.dir/build.make src/pmgd/test/CMakeFiles/load_gson_test.dir/build
#35 12.76 make[2]: Entering directory '/vdms/build'
#35 12.77 [ 59%] Building CXX object src/pmgd/test/CMakeFiles/load_gson_test.dir/load_gson_test.cc.o
#35 12.77 cd /vdms/build/src/pmgd/test && /usr/bin/c++  -I/vdms/build -I/vdms/src/pmgd/test/../include -I/vdms/src/pmgd/test/../util -Wall -std=c++14 -g -fPIC -std=c++17 -MD -MT src/pmgd/test/CMakeFiles/load_gson_test.dir/load_gson_test.cc.o -MF CMakeFiles/load_gson_test.dir/load_gson_test.cc.o.d -o CMakeFiles/load_gson_test.dir/load_gson_test.cc.o -c /vdms/src/pmgd/test/load_gson_test.cc
#35 12.87 In file included from /vdms/src/pmgd/test/../include/pmgd.h:38,
#35 12.87                  from /vdms/src/pmgd/test/indexrangetest.cc:36:
#35 12.87 /vdms/src/pmgd/test/../include/property.h: In constructor 'PMGD::Time::Time()':
#35 12.87 /vdms/src/pmgd/test/../include/property.h:70:24: warning: 'void* memset(void*, int, size_t)' clearing an object of non-trivial type 'struct PMGD::Time'; use assignment or value-initialization instead [-Wclass-memaccess]
#35 12.87    70 |         Time() { memset(this, 0, sizeof(Time)); }
#35 12.87       |                  ~~~~~~^~~~~~~~~~~~~~~~~~~~~~~
#35 12.87 /vdms/src/pmgd/test/../include/property.h:45:12: note: 'struct PMGD::Time' declared here
#35 12.87    45 |     struct Time {
#35 12.87       |            ^~~~
#35 12.89 [ 59%] Linking CXX executable emailindextest
#35 12.89 cd /vdms/build/src/pmgd/test && /usr/local/bin/cmake -E cmake_link_script CMakeFiles/emailindextest.dir/link.txt --verbose=1
#35 12.89 /usr/bin/c++  -Wall CMakeFiles/emailindextest.dir/emailindextest.cc.o -o emailindextest  -Wl,-rpath,/vdms/build/src/pmgd/src:/vdms/build/src/pmgd/util ../src/libpmgd.so ../util/libpmgd-util.so -ljsoncpp 
#35 12.94 In file included from /vdms/src/pmgd/test/../include/pmgd.h:38,
#35 12.94                  from /vdms/src/pmgd/test/indextest.cc:36:
#35 12.94 /vdms/src/pmgd/test/../include/property.h: In constructor 'PMGD::Time::Time()':
#35 12.94 /vdms/src/pmgd/test/../include/property.h:70:24: warning: 'void* memset(void*, int, size_t)' clearing an object of non-trivial type 'struct PMGD::Time'; use assignment or value-initialization instead [-Wclass-memaccess]
#35 12.94    70 |         Time() { memset(this, 0, sizeof(Time)); }
#35 12.94       |                  ~~~~~~^~~~~~~~~~~~~~~~~~~~~~~
#35 12.94 /vdms/src/pmgd/test/../include/property.h:45:12: note: 'struct PMGD::Time' declared here
#35 12.94    45 |     struct Time {
#35 12.94       |            ^~~~
#35 12.99 make[2]: Leaving directory '/vdms/build'
#35 12.99 [ 59%] Built target emailindextest
#35 13.00 make  -f src/pmgd/test/CMakeFiles/load_tsv_test.dir/build.make src/pmgd/test/CMakeFiles/load_tsv_test.dir/depend
#35 13.00 make[2]: Entering directory '/vdms/build'
#35 13.00 cd /vdms/build && /usr/local/bin/cmake -E cmake_depends "Unix Makefiles" /vdms /vdms/src/pmgd/test /vdms/build /vdms/build/src/pmgd/test /vdms/build/src/pmgd/test/CMakeFiles/load_tsv_test.dir/DependInfo.cmake "--color="
#35 13.00 make[2]: Leaving directory '/vdms/build'
#35 13.00 make  -f src/pmgd/test/CMakeFiles/load_tsv_test.dir/build.make src/pmgd/test/CMakeFiles/load_tsv_test.dir/build
#35 13.00 make[2]: Entering directory '/vdms/build'
#35 13.01 [ 59%] Building CXX object src/pmgd/test/CMakeFiles/load_tsv_test.dir/load_tsv_test.cc.o
#35 13.01 cd /vdms/build/src/pmgd/test && /usr/bin/c++  -I/vdms/build -I/vdms/src/pmgd/test/../include -I/vdms/src/pmgd/test/../util -Wall -std=c++14 -g -fPIC -std=c++17 -MD -MT src/pmgd/test/CMakeFiles/load_tsv_test.dir/load_tsv_test.cc.o -MF CMakeFiles/load_tsv_test.dir/load_tsv_test.cc.o.d -o CMakeFiles/load_tsv_test.dir/load_tsv_test.cc.o -c /vdms/src/pmgd/test/load_tsv_test.cc
#35 13.05 In file included from /vdms/src/pmgd/test/../include/pmgd.h:38,
#35 13.05                  from /vdms/src/pmgd/test/indexstringtest.cc:36:
#35 13.05 /vdms/src/pmgd/test/../include/property.h: In constructor 'PMGD::Time::Time()':
#35 13.05 /vdms/src/pmgd/test/../include/property.h:70:24: warning: 'void* memset(void*, int, size_t)' clearing an object of non-trivial type 'struct PMGD::Time'; use assignment or value-initialization instead [-Wclass-memaccess]
#35 13.05    70 |         Time() { memset(this, 0, sizeof(Time)); }
#35 13.05       |                  ~~~~~~^~~~~~~~~~~~~~~~~~~~~~~
#35 13.05 /vdms/src/pmgd/test/../include/property.h:45:12: note: 'struct PMGD::Time' declared here
#35 13.05    45 |     struct Time {
#35 13.05       |            ^~~~
#35 13.07 In file included from /vdms/src/pmgd/test/../include/pmgd.h:38,
#35 13.07                  from /vdms/src/pmgd/test/load_gson_test.cc:31:
#35 13.07 /vdms/src/pmgd/test/../include/property.h: In constructor 'PMGD::Time::Time()':
#35 13.07 /vdms/src/pmgd/test/../include/property.h:70:24: warning: 'void* memset(void*, int, size_t)' clearing an object of non-trivial type 'struct PMGD::Time'; use assignment or value-initialization instead [-Wclass-memaccess]
#35 13.07    70 |         Time() { memset(this, 0, sizeof(Time)); }
#35 13.07       |                  ~~~~~~^~~~~~~~~~~~~~~~~~~~~~~
#35 13.07 /vdms/src/pmgd/test/../include/property.h:45:12: note: 'struct PMGD::Time' declared here
#35 13.07    45 |     struct Time {
#35 13.07       |            ^~~~
#35 13.11 [ 59%] Linking CXX executable filtertest
#35 13.11 cd /vdms/build/src/pmgd/test && /usr/local/bin/cmake -E cmake_link_script CMakeFiles/filtertest.dir/link.txt --verbose=1
#35 13.12 /usr/bin/c++  -Wall CMakeFiles/filtertest.dir/filtertest.cc.o -o filtertest  -Wl,-rpath,/vdms/build/src/pmgd/src:/vdms/build/src/pmgd/util ../src/libpmgd.so ../util/libpmgd-util.so -ljsoncpp 
#35 13.13 In file included from /vdms/src/pmgd/test/../include/pmgd.h:38,
#35 13.13                  from /vdms/src/pmgd/test/listtest.cc:34:
#35 13.13 /vdms/src/pmgd/test/../include/property.h: In constructor 'PMGD::Time::Time()':
#35 13.13 /vdms/src/pmgd/test/../include/property.h:70:24: warning: 'void* memset(void*, int, size_t)' clearing an object of non-trivial type 'struct PMGD::Time'; use assignment or value-initialization instead [-Wclass-memaccess]
#35 13.13    70 |         Time() { memset(this, 0, sizeof(Time)); }
#35 13.13       |                  ~~~~~~^~~~~~~~~~~~~~~~~~~~~~~
#35 13.13 /vdms/src/pmgd/test/../include/property.h:45:12: note: 'struct PMGD::Time' declared here
#35 13.13    45 |     struct Time {
#35 13.13       |            ^~~~
#35 13.20 make[2]: Leaving directory '/vdms/build'
#35 13.20 make[1]: *** [CMakeFiles/Makefile2:1981: src/vcl/CMakeFiles/vcl.dir/all] Error 2
#35 13.20 make[1]: *** Waiting for unfinished jobs....
#35 13.22 make[2]: Leaving directory '/vdms/build'
#35 13.23 [ 59%] Built target filtertest
#35 13.28 [ 59%] Linking CXX executable indexrangetest
#35 13.28 cd /vdms/build/src/pmgd/test && /usr/local/bin/cmake -E cmake_link_script CMakeFiles/indexrangetest.dir/link.txt --verbose=1
#35 13.28 /usr/bin/c++  -Wall CMakeFiles/indexrangetest.dir/indexrangetest.cc.o -o indexrangetest  -Wl,-rpath,/vdms/build/src/pmgd/src:/vdms/build/src/pmgd/util ../src/libpmgd.so ../util/libpmgd-util.so -ljsoncpp 
#35 13.31 In file included from /vdms/src/pmgd/test/../include/pmgd.h:38,
#35 13.31                  from /vdms/src/pmgd/test/load_tsv_test.cc:31:
#35 13.31 /vdms/src/pmgd/test/../include/property.h: In constructor 'PMGD::Time::Time()':
#35 13.31 /vdms/src/pmgd/test/../include/property.h:70:24: warning: 'void* memset(void*, int, size_t)' clearing an object of non-trivial type 'struct PMGD::Time'; use assignment or value-initialization instead [-Wclass-memaccess]
#35 13.31    70 |         Time() { memset(this, 0, sizeof(Time)); }
#35 13.31       |                  ~~~~~~^~~~~~~~~~~~~~~~~~~~~~~
#35 13.31 /vdms/src/pmgd/test/../include/property.h:45:12: note: 'struct PMGD::Time' declared here
#35 13.31    45 |     struct Time {
#35 13.31       |            ^~~~
#35 13.35 [ 60%] Linking CXX executable indextest
#35 13.35 cd /vdms/build/src/pmgd/test && /usr/local/bin/cmake -E cmake_link_script CMakeFiles/indextest.dir/link.txt --verbose=1
#35 13.36 /usr/bin/c++  -Wall CMakeFiles/indextest.dir/indextest.cc.o -o indextest  -Wl,-rpath,/vdms/build/src/pmgd/src:/vdms/build/src/pmgd/util ../src/libpmgd.so ../util/libpmgd-util.so -ljsoncpp 
#35 13.38 make[2]: Leaving directory '/vdms/build'
#35 13.39 [ 60%] Built target indexrangetest
#35 13.42 [ 60%] Linking CXX executable indexstringtest
#35 13.42 cd /vdms/build/src/pmgd/test && /usr/local/bin/cmake -E cmake_link_script CMakeFiles/indexstringtest.dir/link.txt --verbose=1
#35 13.42 /usr/bin/c++  -Wall CMakeFiles/indexstringtest.dir/indexstringtest.cc.o -o indexstringtest  -Wl,-rpath,/vdms/build/src/pmgd/src:/vdms/build/src/pmgd/util ../src/libpmgd.so ../util/libpmgd-util.so -ljsoncpp 
#35 13.45 [ 60%] Linking CXX executable load_gson_test
#35 13.46 cd /vdms/build/src/pmgd/test && /usr/local/bin/cmake -E cmake_link_script CMakeFiles/load_gson_test.dir/link.txt --verbose=1
#35 13.46 make[2]: Leaving directory '/vdms/build'
#35 13.46 /usr/bin/c++  -Wall CMakeFiles/load_gson_test.dir/load_gson_test.cc.o -o load_gson_test  -Wl,-rpath,/vdms/build/src/pmgd/src:/vdms/build/src/pmgd/util ../src/libpmgd.so ../util/libpmgd-util.so -ljsoncpp 
#35 13.46 [ 60%] Built target indextest
#35 13.48 /vdms/src/pmgd/test/avltest.cc: In member function 'int PMGD::AvlTreeTest::run_abort_test(PMGD::Graph&, PMGD::Allocator&)':
#35 13.48 /vdms/src/pmgd/test/avltest.cc:266:31: warning: comparison of integer expressions of different signedness: 'size_t' {aka 'long unsigned int'} and 'int' [-Wsign-compare]
#35 13.48   266 |         if (_tree.num_elems() != num_inserted) {
#35 13.48       |             ~~~~~~~~~~~~~~~~~~^~~~~~~~~~~~~~~
#35 13.48 /vdms/src/pmgd/test/avltest.cc:279:31: warning: comparison of integer expressions of different signedness: 'size_t' {aka 'long unsigned int'} and 'int' [-Wsign-compare]
#35 13.48   279 |         if (_tree.num_elems() != num_inserted) {
#35 13.48       |             ~~~~~~~~~~~~~~~~~~^~~~~~~~~~~~~~~
#35 13.49 In file included from /vdms/src/pmgd/test/chunklisttest.cc:35:
#35 13.49 /vdms/src/pmgd/test/../src/ChunkList.h: In instantiation of 'V* PMGD::ChunkList<K, V, CHUNK_SIZE>::add(const K&, PMGD::Allocator&) [with K = int; V = int; unsigned int CHUNK_SIZE = 64]':
#35 13.49 /vdms/src/pmgd/test/chunklisttest.cc:104:35:   required from here
#35 13.49 /vdms/src/pmgd/test/../src/ChunkList.h:218:23: warning: comparison of integer expressions of different signedness: 'int' and 'const unsigned int' [-Wsign-compare]
#35 13.49   218 |             if (elems < MAX_PER_CHUNK && !empty_chunk) {
#35 13.49       |                 ~~~~~~^~~~~~~~~~~~~~~
#35 13.52 make[2]: Leaving directory '/vdms/build'
#35 13.52 [ 60%] Built target indexstringtest
#35 13.55 make[2]: Leaving directory '/vdms/build'
#35 13.56 [ 60%] Built target load_gson_test
#35 13.63 [ 60%] Linking CXX executable meta_data
#35 13.63 cd /vdms/build/distributed && /usr/local/bin/cmake -E cmake_link_script CMakeFiles/meta_data.dir/link.txt --verbose=1
#35 13.64 /usr/bin/c++  -Wall -g -O0 -Wall -coverage -fprofile-abs-path -rdynamic CMakeFiles/meta_data.dir/kafka_test.cpp.o ../CMakeFiles/vdms_protobuf.dir/partitionerMessages.pb.cc.o ../CMakeFiles/vdms_protobuf.dir/pmgdMessages.pb.cc.o ../CMakeFiles/vdms_protobuf.dir/queryMessage.pb.cc.o -o meta_data   -L/usr/local/lib  -L/vdms/distributed/.  -Wl,-rpath,/usr/local/lib:/vdms/distributed/.:/vdms/build/client/cpp:/vdms/build/utils -ljsoncpp -lprotobuf ../client/cpp/libvdms-client.so -lrdkafka -lrdkafka++ -lpthread -lglog -lprotobuf ../utils/libvdms-utils.so -lkubernetes /usr/local/lib/libprotobuf.so.24.2.0 /usr/local/lib/libabsl_log_internal_check_op.so.2301.0.0 /usr/local/lib/libabsl_leak_check.so.2301.0.0 /usr/local/lib/libabsl_die_if_null.so.2301.0.0 /usr/local/lib/libabsl_log_internal_conditions.so.2301.0.0 /usr/local/lib/libabsl_log_internal_message.so.2301.0.0 /usr/local/lib/libabsl_log_internal_nullguard.so.2301.0.0 /usr/local/lib/libabsl_examine_stack.so.2301.0.0 /usr/local/lib/libabsl_log_internal_format.so.2301.0.0 /usr/local/lib/libabsl_log_internal_proto.so.2301.0.0 /usr/local/lib/libabsl_log_internal_log_sink_set.so.2301.0.0 /usr/local/lib/libabsl_log_sink.so.2301.0.0 /usr/local/lib/libabsl_log_entry.so.2301.0.0 /usr/local/lib/libabsl_flags.so.2301.0.0 /usr/local/lib/libabsl_flags_internal.so.2301.0.0 /usr/local/lib/libabsl_flags_marshalling.so.2301.0.0 /usr/local/lib/libabsl_flags_reflection.so.2301.0.0 /usr/local/lib/libabsl_flags_config.so.2301.0.0 /usr/local/lib/libabsl_flags_program_name.so.2301.0.0 /usr/local/lib/libabsl_flags_private_handle_accessor.so.2301.0.0 /usr/local/lib/libabsl_flags_commandlineflag.so.2301.0.0 /usr/local/lib/libabsl_flags_commandlineflag_internal.so.2301.0.0 /usr/local/lib/libabsl_log_initialize.so.2301.0.0 /usr/local/lib/libabsl_log_globals.so.2301.0.0 /usr/local/lib/libabsl_log_internal_globals.so.2301.0.0 /usr/local/lib/libabsl_hash.so.2301.0.0 /usr/local/lib/libabsl_city.so.2301.0.0 /usr/local/lib/libabsl_low_level_hash.so.2301.0.0 /usr/local/lib/libabsl_raw_hash_set.so.2301.0.0 /usr/local/lib/libabsl_hashtablez_sampler.so.2301.0.0 /usr/local/lib/libabsl_statusor.so.2301.0.0 /usr/local/lib/libabsl_status.so.2301.0.0 /usr/local/lib/libabsl_cord.so.2301.0.0 /usr/local/lib/libabsl_cordz_info.so.2301.0.0 /usr/local/lib/libabsl_cord_internal.so.2301.0.0 /usr/local/lib/libabsl_cordz_functions.so.2301.0.0 /usr/local/lib/libabsl_exponential_biased.so.2301.0.0 /usr/local/lib/libabsl_cordz_handle.so.2301.0.0 /usr/local/lib/libabsl_crc_cord_state.so.2301.0.0 /usr/local/lib/libabsl_crc32c.so.2301.0.0 /usr/local/lib/libabsl_crc_internal.so.2301.0.0 /usr/local/lib/libabsl_crc_cpu_detect.so.2301.0.0 /usr/local/lib/libabsl_bad_optional_access.so.2301.0.0 /usr/local/lib/libabsl_str_format_internal.so.2301.0.0 /usr/local/lib/libabsl_strerror.so.2301.0.0 /usr/local/lib/libabsl_synchronization.so.2301.0.0 /usr/local/lib/libabsl_stacktrace.so.2301.0.0 /usr/local/lib/libabsl_symbolize.so.2301.0.0 /usr/local/lib/libabsl_debugging_internal.so.2301.0.0 /usr/local/lib/libabsl_demangle_internal.so.2301.0.0 /usr/local/lib/libabsl_graphcycles_internal.so.2301.0.0 /usr/local/lib/libabsl_malloc_internal.so.2301.0.0 /usr/local/lib/libabsl_time.so.2301.0.0 /usr/local/lib/libabsl_strings.so.2301.0.0 /usr/local/lib/libabsl_throw_delegate.so.2301.0.0 /usr/local/lib/libabsl_strings_internal.so.2301.0.0 /usr/local/lib/libabsl_base.so.2301.0.0 /usr/local/lib/libabsl_spinlock_wait.so.2301.0.0 /usr/local/lib/libabsl_int128.so.2301.0.0 /usr/local/lib/libabsl_civil_time.so.2301.0.0 /usr/local/lib/libabsl_time_zone.so.2301.0.0 /usr/local/lib/libabsl_bad_variant_access.so.2301.0.0 /usr/local/lib/libabsl_raw_logging_internal.so.2301.0.0 /usr/local/lib/libabsl_log_severity.so.2301.0.0 -lpthread 
#35 13.69 [ 61%] Linking CXX executable load_tsv_test
#35 13.69 cd /vdms/build/src/pmgd/test && /usr/local/bin/cmake -E cmake_link_script CMakeFiles/load_tsv_test.dir/link.txt --verbose=1
#35 13.69 /usr/bin/c++  -Wall CMakeFiles/load_tsv_test.dir/load_tsv_test.cc.o -o load_tsv_test  -Wl,-rpath,/vdms/build/src/pmgd/src:/vdms/build/src/pmgd/util ../src/libpmgd.so ../util/libpmgd-util.so -ljsoncpp 
#35 13.79 make[2]: Leaving directory '/vdms/build'
#35 13.79 [ 61%] Built target load_tsv_test
#35 13.81 [ 61%] Linking CXX executable chunklisttest
#35 13.81 cd /vdms/build/src/pmgd/test && /usr/local/bin/cmake -E cmake_link_script CMakeFiles/chunklisttest.dir/link.txt --verbose=1
#35 13.82 /usr/bin/c++  -Wall CMakeFiles/chunklisttest.dir/chunklisttest.cc.o -o chunklisttest  -Wl,-rpath,/vdms/build/src/pmgd/src:/vdms/build/src/pmgd/util ../src/libpmgd.so ../util/libpmgd-util.so -ljsoncpp 
#35 13.84 [ 61%] Linking CXX executable allocaborttest
#35 13.84 cd /vdms/build/src/pmgd/test && /usr/local/bin/cmake -E cmake_link_script CMakeFiles/allocaborttest.dir/link.txt --verbose=1
#35 13.85 /usr/bin/c++  -Wall CMakeFiles/allocaborttest.dir/allocaborttest.cc.o -o allocaborttest  -Wl,-rpath,/vdms/build/src/pmgd/src:/vdms/build/src/pmgd/util ../src/libpmgd.so ../util/libpmgd-util.so -ljsoncpp 
#35 13.85 [ 62%] Linking CXX executable alloctest
#35 13.85 cd /vdms/build/src/pmgd/test && /usr/local/bin/cmake -E cmake_link_script CMakeFiles/alloctest.dir/link.txt --verbose=1
#35 13.85 /usr/bin/c++  -Wall CMakeFiles/alloctest.dir/alloctest.cc.o -o alloctest  -Wl,-rpath,/vdms/build/src/pmgd/src:/vdms/build/src/pmgd/util ../src/libpmgd.so ../util/libpmgd-util.so -ljsoncpp 
#35 13.86 [ 62%] Linking CXX executable avltest
#35 13.86 cd /vdms/build/src/pmgd/test && /usr/local/bin/cmake -E cmake_link_script CMakeFiles/avltest.dir/link.txt --verbose=1
#35 13.87 /usr/bin/c++  -Wall CMakeFiles/avltest.dir/avltest.cc.o -o avltest  -Wl,-rpath,/vdms/build/src/pmgd/src:/vdms/build/src/pmgd/util ../src/libpmgd.so ../util/libpmgd-util.so -ljsoncpp 
#35 13.91 make[2]: Leaving directory '/vdms/build'
#35 13.91 [ 62%] Built target chunklisttest
#35 13.93 [ 63%] Linking CXX executable edgeindextest
#35 13.93 cd /vdms/build/src/pmgd/test && /usr/local/bin/cmake -E cmake_link_script CMakeFiles/edgeindextest.dir/link.txt --verbose=1
#35 13.93 /usr/bin/c++  -Wall CMakeFiles/edgeindextest.dir/edgeindextest.cc.o -o edgeindextest  -Wl,-rpath,/vdms/build/src/pmgd/src:/vdms/build/src/pmgd/util ../src/libpmgd.so ../util/libpmgd-util.so -ljsoncpp 
#35 13.95 make[2]: Leaving directory '/vdms/build'
#35 13.96 [ 63%] Built target allocaborttest
#35 13.96 make[2]: Leaving directory '/vdms/build'
#35 13.96 [ 63%] Built target alloctest
#35 13.97 make[2]: Leaving directory '/vdms/build'
#35 13.98 [ 63%] Built target avltest
#35 14.01 make[2]: Leaving directory '/vdms/build'
#35 14.01 [ 63%] Built target meta_data
#35 14.03 make[2]: Leaving directory '/vdms/build'
#35 14.04 [ 63%] Built target edgeindextest
#35 14.16 [ 64%] Linking CXX executable image_data
#35 14.16 cd /vdms/build/distributed && /usr/local/bin/cmake -E cmake_link_script CMakeFiles/image_data.dir/link.txt --verbose=1
#35 14.16 /usr/bin/c++  -Wall -g -O0 -Wall -coverage -fprofile-abs-path -rdynamic CMakeFiles/image_data.dir/mutli_modal.cpp.o ../CMakeFiles/vdms_protobuf.dir/partitionerMessages.pb.cc.o ../CMakeFiles/vdms_protobuf.dir/pmgdMessages.pb.cc.o ../CMakeFiles/vdms_protobuf.dir/queryMessage.pb.cc.o -o image_data   -L/usr/local/lib  -L/vdms/distributed/.  -Wl,-rpath,/usr/local/lib:/vdms/distributed/.:/vdms/build/client/cpp:/vdms/build/utils -ljsoncpp -lprotobuf ../client/cpp/libvdms-client.so -lrdkafka -lrdkafka++ -lpthread -lglog -lprotobuf ../utils/libvdms-utils.so -lkubernetes /usr/local/lib/libprotobuf.so.24.2.0 /usr/local/lib/libabsl_log_internal_check_op.so.2301.0.0 /usr/local/lib/libabsl_leak_check.so.2301.0.0 /usr/local/lib/libabsl_die_if_null.so.2301.0.0 /usr/local/lib/libabsl_log_internal_conditions.so.2301.0.0 /usr/local/lib/libabsl_log_internal_message.so.2301.0.0 /usr/local/lib/libabsl_log_internal_nullguard.so.2301.0.0 /usr/local/lib/libabsl_examine_stack.so.2301.0.0 /usr/local/lib/libabsl_log_internal_format.so.2301.0.0 /usr/local/lib/libabsl_log_internal_proto.so.2301.0.0 /usr/local/lib/libabsl_log_internal_log_sink_set.so.2301.0.0 /usr/local/lib/libabsl_log_sink.so.2301.0.0 /usr/local/lib/libabsl_log_entry.so.2301.0.0 /usr/local/lib/libabsl_flags.so.2301.0.0 /usr/local/lib/libabsl_flags_internal.so.2301.0.0 /usr/local/lib/libabsl_flags_marshalling.so.2301.0.0 /usr/local/lib/libabsl_flags_reflection.so.2301.0.0 /usr/local/lib/libabsl_flags_config.so.2301.0.0 /usr/local/lib/libabsl_flags_program_name.so.2301.0.0 /usr/local/lib/libabsl_flags_private_handle_accessor.so.2301.0.0 /usr/local/lib/libabsl_flags_commandlineflag.so.2301.0.0 /usr/local/lib/libabsl_flags_commandlineflag_internal.so.2301.0.0 /usr/local/lib/libabsl_log_initialize.so.2301.0.0 /usr/local/lib/libabsl_log_globals.so.2301.0.0 /usr/local/lib/libabsl_log_internal_globals.so.2301.0.0 /usr/local/lib/libabsl_hash.so.2301.0.0 /usr/local/lib/libabsl_city.so.2301.0.0 /usr/local/lib/libabsl_low_level_hash.so.2301.0.0 /usr/local/lib/libabsl_raw_hash_set.so.2301.0.0 /usr/local/lib/libabsl_hashtablez_sampler.so.2301.0.0 /usr/local/lib/libabsl_statusor.so.2301.0.0 /usr/local/lib/libabsl_status.so.2301.0.0 /usr/local/lib/libabsl_cord.so.2301.0.0 /usr/local/lib/libabsl_cordz_info.so.2301.0.0 /usr/local/lib/libabsl_cord_internal.so.2301.0.0 /usr/local/lib/libabsl_cordz_functions.so.2301.0.0 /usr/local/lib/libabsl_exponential_biased.so.2301.0.0 /usr/local/lib/libabsl_cordz_handle.so.2301.0.0 /usr/local/lib/libabsl_crc_cord_state.so.2301.0.0 /usr/local/lib/libabsl_crc32c.so.2301.0.0 /usr/local/lib/libabsl_crc_internal.so.2301.0.0 /usr/local/lib/libabsl_crc_cpu_detect.so.2301.0.0 /usr/local/lib/libabsl_bad_optional_access.so.2301.0.0 /usr/local/lib/libabsl_str_format_internal.so.2301.0.0 /usr/local/lib/libabsl_strerror.so.2301.0.0 /usr/local/lib/libabsl_synchronization.so.2301.0.0 /usr/local/lib/libabsl_stacktrace.so.2301.0.0 /usr/local/lib/libabsl_symbolize.so.2301.0.0 /usr/local/lib/libabsl_debugging_internal.so.2301.0.0 /usr/local/lib/libabsl_demangle_internal.so.2301.0.0 /usr/local/lib/libabsl_graphcycles_internal.so.2301.0.0 /usr/local/lib/libabsl_malloc_internal.so.2301.0.0 /usr/local/lib/libabsl_time.so.2301.0.0 /usr/local/lib/libabsl_strings.so.2301.0.0 /usr/local/lib/libabsl_throw_delegate.so.2301.0.0 /usr/local/lib/libabsl_strings_internal.so.2301.0.0 /usr/local/lib/libabsl_base.so.2301.0.0 /usr/local/lib/libabsl_spinlock_wait.so.2301.0.0 /usr/local/lib/libabsl_int128.so.2301.0.0 /usr/local/lib/libabsl_civil_time.so.2301.0.0 /usr/local/lib/libabsl_time_zone.so.2301.0.0 /usr/local/lib/libabsl_bad_variant_access.so.2301.0.0 /usr/local/lib/libabsl_raw_logging_internal.so.2301.0.0 /usr/local/lib/libabsl_log_severity.so.2301.0.0 -lpthread 
#35 14.30 [ 64%] Linking CXX executable multi-modal
#35 14.30 cd /vdms/build/distributed && /usr/local/bin/cmake -E cmake_link_script CMakeFiles/multi-modal.dir/link.txt --verbose=1
#35 14.30 /usr/bin/c++  -Wall -g -O0 -Wall -coverage -fprofile-abs-path -rdynamic "CMakeFiles/multi-modal.dir/adaptive_platform.cpp.o" ../CMakeFiles/vdms_protobuf.dir/partitionerMessages.pb.cc.o ../CMakeFiles/vdms_protobuf.dir/pmgdMessages.pb.cc.o ../CMakeFiles/vdms_protobuf.dir/queryMessage.pb.cc.o -o multi-modal   -L/usr/local/lib  -L/vdms/distributed/.  -Wl,-rpath,/usr/local/lib:/vdms/distributed/.:/vdms/build/client/cpp:/vdms/build/utils -ljsoncpp -lprotobuf ../client/cpp/libvdms-client.so -lrdkafka -lrdkafka++ -lpthread -lglog -lprotobuf ../utils/libvdms-utils.so -lkubernetes /usr/local/lib/libprotobuf.so.24.2.0 /usr/local/lib/libabsl_log_internal_check_op.so.2301.0.0 /usr/local/lib/libabsl_leak_check.so.2301.0.0 /usr/local/lib/libabsl_die_if_null.so.2301.0.0 /usr/local/lib/libabsl_log_internal_conditions.so.2301.0.0 /usr/local/lib/libabsl_log_internal_message.so.2301.0.0 /usr/local/lib/libabsl_log_internal_nullguard.so.2301.0.0 /usr/local/lib/libabsl_examine_stack.so.2301.0.0 /usr/local/lib/libabsl_log_internal_format.so.2301.0.0 /usr/local/lib/libabsl_log_internal_proto.so.2301.0.0 /usr/local/lib/libabsl_log_internal_log_sink_set.so.2301.0.0 /usr/local/lib/libabsl_log_sink.so.2301.0.0 /usr/local/lib/libabsl_log_entry.so.2301.0.0 /usr/local/lib/libabsl_flags.so.2301.0.0 /usr/local/lib/libabsl_flags_internal.so.2301.0.0 /usr/local/lib/libabsl_flags_marshalling.so.2301.0.0 /usr/local/lib/libabsl_flags_reflection.so.2301.0.0 /usr/local/lib/libabsl_flags_config.so.2301.0.0 /usr/local/lib/libabsl_flags_program_name.so.2301.0.0 /usr/local/lib/libabsl_flags_private_handle_accessor.so.2301.0.0 /usr/local/lib/libabsl_flags_commandlineflag.so.2301.0.0 /usr/local/lib/libabsl_flags_commandlineflag_internal.so.2301.0.0 /usr/local/lib/libabsl_log_initialize.so.2301.0.0 /usr/local/lib/libabsl_log_globals.so.2301.0.0 /usr/local/lib/libabsl_log_internal_globals.so.2301.0.0 /usr/local/lib/libabsl_hash.so.2301.0.0 /usr/local/lib/libabsl_city.so.2301.0.0 /usr/local/lib/libabsl_low_level_hash.so.2301.0.0 /usr/local/lib/libabsl_raw_hash_set.so.2301.0.0 /usr/local/lib/libabsl_hashtablez_sampler.so.2301.0.0 /usr/local/lib/libabsl_statusor.so.2301.0.0 /usr/local/lib/libabsl_status.so.2301.0.0 /usr/local/lib/libabsl_cord.so.2301.0.0 /usr/local/lib/libabsl_cordz_info.so.2301.0.0 /usr/local/lib/libabsl_cord_internal.so.2301.0.0 /usr/local/lib/libabsl_cordz_functions.so.2301.0.0 /usr/local/lib/libabsl_exponential_biased.so.2301.0.0 /usr/local/lib/libabsl_cordz_handle.so.2301.0.0 /usr/local/lib/libabsl_crc_cord_state.so.2301.0.0 /usr/local/lib/libabsl_crc32c.so.2301.0.0 /usr/local/lib/libabsl_crc_internal.so.2301.0.0 /usr/local/lib/libabsl_crc_cpu_detect.so.2301.0.0 /usr/local/lib/libabsl_bad_optional_access.so.2301.0.0 /usr/local/lib/libabsl_str_format_internal.so.2301.0.0 /usr/local/lib/libabsl_strerror.so.2301.0.0 /usr/local/lib/libabsl_synchronization.so.2301.0.0 /usr/local/lib/libabsl_stacktrace.so.2301.0.0 /usr/local/lib/libabsl_symbolize.so.2301.0.0 /usr/local/lib/libabsl_debugging_internal.so.2301.0.0 /usr/local/lib/libabsl_demangle_internal.so.2301.0.0 /usr/local/lib/libabsl_graphcycles_internal.so.2301.0.0 /usr/local/lib/libabsl_malloc_internal.so.2301.0.0 /usr/local/lib/libabsl_time.so.2301.0.0 /usr/local/lib/libabsl_strings.so.2301.0.0 /usr/local/lib/libabsl_throw_delegate.so.2301.0.0 /usr/local/lib/libabsl_strings_internal.so.2301.0.0 /usr/local/lib/libabsl_base.so.2301.0.0 /usr/local/lib/libabsl_spinlock_wait.so.2301.0.0 /usr/local/lib/libabsl_int128.so.2301.0.0 /usr/local/lib/libabsl_civil_time.so.2301.0.0 /usr/local/lib/libabsl_time_zone.so.2301.0.0 /usr/local/lib/libabsl_bad_variant_access.so.2301.0.0 /usr/local/lib/libabsl_raw_logging_internal.so.2301.0.0 /usr/local/lib/libabsl_log_severity.so.2301.0.0 -lpthread 
#35 14.49 make[2]: Leaving directory '/vdms/build'
#35 14.50 [ 64%] Built target image_data
#35 14.58 [ 64%] Linking CXX executable listtest
#35 14.59 cd /vdms/build/src/pmgd/test && /usr/local/bin/cmake -E cmake_link_script CMakeFiles/listtest.dir/link.txt --verbose=1
#35 14.59 /usr/bin/c++  -Wall CMakeFiles/listtest.dir/listtest.cc.o -o listtest  -Wl,-rpath,/vdms/build/src/pmgd/src:/vdms/build/src/pmgd/util ../src/libpmgd.so ../util/libpmgd-util.so -ljsoncpp 
#35 14.65 make[2]: Leaving directory '/vdms/build'
#35 14.65 [ 64%] Built target multi-modal
#35 14.67 make[2]: Leaving directory '/vdms/build'
#35 14.68 [ 64%] Built target listtest
#35 14.68 make[1]: Leaving directory '/vdms/build'
#35 14.68 make: *** [Makefile:91: all] Error 2
#35 ERROR: process "/bin/sh -c mkdir -p /vdms/build && cd /vdms/build && cmake .. && make ${BUILD_THREADS} VERBOSE=1" did not complete successfully: exit code: 2
------
 > [stage-2 16/22] RUN mkdir -p /vdms/build && cd /vdms/build && cmake .. && make -j16 VERBOSE=1:
14.50 [ 64%] Built target image_data
14.58 [ 64%] Linking CXX executable listtest
14.59 cd /vdms/build/src/pmgd/test && /usr/local/bin/cmake -E cmake_link_script CMakeFiles/listtest.dir/link.txt --verbose=1
14.59 /usr/bin/c++  -Wall CMakeFiles/listtest.dir/listtest.cc.o -o listtest  -Wl,-rpath,/vdms/build/src/pmgd/src:/vdms/build/src/pmgd/util ../src/libpmgd.so ../util/libpmgd-util.so -ljsoncpp 
14.65 make[2]: Leaving directory '/vdms/build'
14.65 [ 64%] Built target multi-modal
14.67 make[2]: Leaving directory '/vdms/build'
14.68 [ 64%] Built target listtest
14.68 make[1]: Leaving directory '/vdms/build'
14.68 make: *** [Makefile:91: all] Error 2
------
Dockerfile.txt:225
--------------------
 223 |     RUN sed -i "s|#include <stdio.h>|#include <stdio.h>\n#include <stdexcept>|" /vdms/src/pmgd/tools/mkgraph.cc 
 224 |     RUN cp /vdms/docker/override_default_config.py /vdms/override_default_config.py 
 225 | >>> RUN mkdir -p /vdms/build && cd /vdms/build && cmake .. && make ${BUILD_THREADS} VERBOSE=1
 226 |     RUN echo '#!/bin/bash' > /start.sh && echo 'cd /vdms/build' >> /start.sh 
 227 |     RUN echo 'python /vdms/override_default_config.py -i /vdms/config-vdms.json -o /vdms/build/config-vdms.json' >> /start.sh 
--------------------
ERROR: failed to solve: process "/bin/sh -c mkdir -p /vdms/build && cd /vdms/build && cmake .. && make ${BUILD_THREADS} VERBOSE=1" did not complete successfully: exit code: 2
